-- MySQL Administrator dump 1.4
--
-- ------------------------------------------------------
-- Server version	5.0.45-community-nt


/*!40101 SET @OLD_CHARACTER_SET_CLIENT=@@CHARACTER_SET_CLIENT */;
/*!40101 SET @OLD_CHARACTER_SET_RESULTS=@@CHARACTER_SET_RESULTS */;
/*!40101 SET @OLD_COLLATION_CONNECTION=@@COLLATION_CONNECTION */;
/*!40101 SET NAMES utf8 */;

/*!40014 SET @OLD_UNIQUE_CHECKS=@@UNIQUE_CHECKS, UNIQUE_CHECKS=0 */;
/*!40014 SET @OLD_FOREIGN_KEY_CHECKS=@@FOREIGN_KEY_CHECKS, FOREIGN_KEY_CHECKS=0 */;
/*!40101 SET @OLD_SQL_MODE=@@SQL_MODE, SQL_MODE='NO_AUTO_VALUE_ON_ZERO' */;


--
-- Create schema dbdemo2
--

CREATE DATABASE IF NOT EXISTS dbdemo2;
USE dbdemo2;

--
-- Definition of table `abteilungen`
--

DROP TABLE IF EXISTS `abteilungen`;
CREATE TABLE `abteilungen` (
  `id` int(11) NOT NULL default '0',
  `name` varchar(40) NOT NULL default '',
  `leiterID` int(11) default '0',
  PRIMARY KEY  (`id`),
  KEY `leiterID` (`leiterID`),
  CONSTRAINT `FK_abteilungen_1` FOREIGN KEY (`leiterID`) REFERENCES `angestellte` (`id`)
) ENGINE=InnoDB DEFAULT CHARSET=utf8;

--
-- Dumping data for table `abteilungen`
--

/*!40000 ALTER TABLE `abteilungen` DISABLE KEYS */;
INSERT INTO `abteilungen` (`id`,`name`,`leiterID`) VALUES 
 (10,'Onlineverkauf',1446),
 (100,'Forschung & Entwicklung',501),
 (200,'Vertrieb',902),
 (300,'Finanzierung',1293),
 (400,'Marketing',1576),
 (500,'Versandt',703);
/*!40000 ALTER TABLE `abteilungen` ENABLE KEYS */;


--
-- Definition of table `angestellte`
--

DROP TABLE IF EXISTS `angestellte`;
CREATE TABLE `angestellte` (
  `id` int(11) NOT NULL auto_increment,
  `abtID` int(11) NOT NULL default '0',
  `versicherungsnr` varchar(11) NOT NULL,
  `gehalt` float NOT NULL default '0',
  `einstellungsdatum` date NOT NULL default '0000-00-00',
  `ausscheidedatum` date default '0000-00-00',
  `geburtsdatum` date NOT NULL default '0000-00-00',
  `geschlecht` char(1) NOT NULL,
  `personID` int(10) unsigned NOT NULL,
  PRIMARY KEY  (`id`),
  KEY `abtID` (`abtID`),
  KEY `FK_angestellte_2` (`personID`),
  CONSTRAINT `angestellte_ibfk_1` FOREIGN KEY (`abtID`) REFERENCES `abteilungen` (`id`),
  CONSTRAINT `FK_angestellte_2` FOREIGN KEY (`personID`) REFERENCES `personen` (`id`)
) ENGINE=InnoDB AUTO_INCREMENT=1752 DEFAULT CHARSET=utf8 ROW_FORMAT=FIXED;

--
-- Dumping data for table `angestellte`
--

/*!40000 ALTER TABLE `angestellte` DISABLE KEYS */;
INSERT INTO `angestellte` (`id`,`abtID`,`versicherungsnr`,`gehalt`,`einstellungsdatum`,`ausscheidedatum`,`geburtsdatum`,`geschlecht`,`personID`) VALUES 
 (1,10,'0',0,'0000-00-00','0000-00-00','0000-00-00','N',2),
 (102,100,'017349033',45700,'1984-08-02','0000-00-00','1958-06-01','F',3),
 (105,100,'052345739',62000,'1985-01-01','0000-00-00','1960-12-01','M',4),
 (129,200,'024608923',38500,'1985-02-01','0000-00-00','1966-10-03','M',5),
 (148,300,'501704733',51432,'1985-04-01','0000-00-00','1951-12-01','F',6),
 (160,100,'025487623',57490,'1985-06-01','0000-00-00','1947-05-01','M',7),
 (184,400,'025481943',36490,'1985-10-01','0000-00-00','1939-12-01','F',8),
 (191,500,'017348821',29800,'1985-11-01','0000-00-00','1964-12-02','F',9),
 (195,200,'079486634',54800,'1985-12-01','0000-00-00','1963-07-01','M',10),
 (207,400,'501708992',53870,'1986-02-01','0000-00-00','1954-09-01','F',11),
 (243,100,'043216799',72995,'1986-06-01','0000-00-00','1949-04-02','F',12),
 (247,100,'024601768',48023.7,'1986-07-01','0000-00-00','1955-03-01','M',13),
 (249,100,'084329990',42998,'1986-10-01','0000-00-00','1956-11-02','M',14),
 (266,100,'017346122',59840,'1986-11-03','0000-00-00','1947-10-01','M',15),
 (278,100,'087602311',48500,'1986-12-01','0000-00-00','1966-05-01','F',16),
 (299,200,'025487133',39300,'1987-02-01','0000-00-00','1964-03-01','M',17),
 (316,100,'048667211',74500,'1987-04-02','0000-00-00','1962-07-01','F',18),
 (318,400,'079349168',41700.8,'1987-05-02','0000-00-00','1962-04-02','M',19),
 (390,300,'027341657',57090,'1987-06-01','0000-00-00','1957-02-01','F',20),
 (409,400,'048781192',46550,'1987-06-01','0000-00-00','1946-04-01','M',21),
 (445,100,'017508821',87900,'1987-06-01','0000-00-00','1955-01-01','M',22),
 (453,100,'029458129',64500,'1987-06-01','0000-00-00','1957-08-01','M',23),
 (467,200,'034281032',49500,'1987-07-01','0000-00-00','1952-11-01','M',24),
 (479,100,'022415639',39875.5,'1987-07-02','0000-00-00','1967-09-02','F',25),
 (501,100,'064983327',96300,'1987-08-01','0000-00-00','1947-03-01','M',26),
 (529,100,'501324492',67890,'1988-02-01','0000-00-00','1950-04-01','F',27),
 (582,100,'038218867',37400,'1988-03-02','0000-00-00','1968-02-02','M',28),
 (586,300,'031281245',42300,'1988-04-01','0000-00-00','1966-03-01','M',29),
 (591,400,'056872399',45450,'1988-07-01','0000-00-00','1957-01-03','F',30),
 (604,100,'023486621',68400,'1988-09-02','0000-00-00','1958-12-02','M',31),
 (641,200,'038726633',54600,'1988-10-01','0000-00-00','1951-10-03','M',32),
 (667,200,'042706188',39800,'1988-11-02','0000-00-00','1963-01-02','F',33),
 (690,200,'087236702',46200,'1988-11-02','0000-00-00','1965-09-02','F',34),
 (703,500,'012896755',55500.8,'1988-12-01','0000-00-00','1953-07-02','M',35),
 (750,500,'012459381',34300,'1989-01-01','0000-00-00','1939-08-01','F',36),
 (757,300,'067829311',43700,'1989-02-02','0000-00-00','1968-05-01','F',37),
 (839,100,'034629123',42500,'1989-04-02','0000-00-00','1966-05-02','M',38),
 (856,200,'011349786',34892,'1989-06-01','0000-00-00','1959-04-01','M',39),
 (862,100,'018458291',87900,'1989-06-01','0000-00-00','1955-09-02','M',40),
 (868,500,'043592831',28200,'1989-07-01','0000-00-00','1968-07-02','F',41),
 (879,300,'027581035',36500,'1989-07-01','0000-00-00','1965-11-01','F',42),
 (888,400,'036102935',28300,'1989-09-01','0000-00-00','1966-01-02','M',43),
 (902,200,'015923467',87500,'1989-10-01','0000-00-00','1950-08-01','F',44),
 (913,200,'022783569',55700,'1989-10-01','0000-00-00','1943-04-02','M',45),
 (921,500,'034568789',41700,'1989-10-02','0000-00-00','1960-09-01','M',46),
 (930,200,'062890293',46890,'1989-11-01','0000-00-00','1962-06-01','F',47),
 (949,200,'018762936',72300,'1989-11-01','0000-00-00','1955-07-02','F',48),
 (958,100,'017283997',42100,'1990-01-01','0000-00-00','1969-10-01','M',49),
 (992,400,'023487085',34011,'1990-02-01','0000-00-00','1960-04-01','F',50),
 (1013,500,'023470756',27290,'1990-03-01','0000-00-00','1969-02-01','M',51),
 (1021,200,'037846595',64900,'1990-04-02','0000-00-00','1950-02-02','M',52),
 (1039,200,'046973741',33890,'1990-05-01','0000-00-00','1969-12-01','M',53),
 (1062,400,'019887257',54900,'1990-05-02','0000-00-00','1953-11-01','F',54),
 (1090,100,'013558813',51411,'1990-06-01','0000-00-00','1950-11-03','F',55),
 (1101,200,'027663454',37803,'1990-07-01','0000-00-00','1966-09-01','M',56),
 (1142,200,'055913622',45000,'1990-07-02','0000-00-00','1957-05-01','F',57),
 (1157,100,'023434587',39075,'1990-07-03','0000-00-00','1970-03-01','M',58),
 (1162,200,'075679377',37900,'1990-08-01','0000-00-00','1952-04-01','M',59),
 (1191,400,'023749270',45900,'1990-08-01','0000-00-00','1944-11-01','M',60),
 (1250,100,'023476492',54900,'1990-08-01','0000-00-00','1936-01-01','M',61),
 (1293,300,'019641485',138948,'1990-09-01','0000-00-00','1955-03-01','F',62),
 (1336,300,'017326112',31200,'1992-02-02','0000-00-00','1950-07-02','F',63),
 (1390,300,'034786565',58930,'1992-04-01','0000-00-00','1948-04-01','F',64),
 (1446,200,'038475825',32300,'1992-10-02','0000-00-00','1971-06-02','F',65),
 (1483,300,'079372285',75400,'2006-03-01','0000-00-00','1939-04-02','M',66),
 (1507,400,'035673688',35745,'2006-04-01','0000-00-00','1959-07-01','F',67),
 (1570,500,'034576347',34576,'2006-05-02','0000-00-00','1963-04-01','M',68),
 (1576,400,'017429926',68940,'2006-07-01','0000-00-00','1960-11-01','M',69),
 (1596,200,'028375086',47653,'2006-08-01','0000-00-00','1959-11-01','F',70),
 (1607,400,'501787474',61300,'2006-10-01','0000-00-00','1941-01-01','M',71),
 (1615,500,'501175874',27500,'2006-11-01','0000-00-00','1972-09-01','F',72),
 (1643,400,'023857807',29384,'2006-12-01','0000-00-00','1968-09-01','F',73),
 (1658,500,'023850840',24903,'2007-02-02','0000-00-00','1973-01-01','M',74),
 (1684,400,'038957036',45829,'2007-03-01','0000-00-00','1955-10-03','F',75),
 (1740,400,'037534650',34889,'2007-06-02','0000-00-00','1965-06-01','M',76),
 (1751,400,'032547384',34992,'2007-07-01','0000-00-00','1963-12-01','M',77);
/*!40000 ALTER TABLE `angestellte` ENABLE KEYS */;


--
-- Definition of table `artikel`
--

DROP TABLE IF EXISTS `artikel`;
CREATE TABLE `artikel` (
  `id` int(11) NOT NULL default '0',
  `name` varchar(15) default NULL,
  `beschreibung` varchar(30) default NULL,
  `groesse` varchar(18) default NULL,
  `farbe` varchar(10) default NULL,
  `menge` int(11) NOT NULL default '0',
  `preis` double NOT NULL default '0',
  PRIMARY KEY  (`id`)
) ENGINE=InnoDB DEFAULT CHARSET=utf8;

--
-- Dumping data for table `artikel`
--

/*!40000 ALTER TABLE `artikel` DISABLE KEYS */;
INSERT INTO `artikel` (`id`,`name`,`beschreibung`,`groesse`,`farbe`,`menge`,`preis`) VALUES 
 (300,'T-Shirt','Tank Top','Small','weiss',25,19.99),
 (301,'T-Shirt','V-neck','Medium','orange',52,24.99),
 (302,'T-Shirt','Crew Neck','universal','grau',72,29.99),
 (400,'Baseballmütze','Baumwolle','universal','schwarz',107,9.8),
 (401,'Baseballmütze','Wollmütze','universal','weiss',11,10.9),
 (500,'Mützenschirm','Kunststoffschirm','universal','weiss',33,3.5),
 (501,'Mützenschirm','Stoffschirm','universal','grau',16,4.5),
 (600,'Sweatshirt','Kapuzenshirt','Large','grn',30,34.8),
 (601,'Sweatshirt','normal','Large','blau',32,24.8),
 (700,'Hosen','Baumwollhosen','Medium','grau',80,65.9);
/*!40000 ALTER TABLE `artikel` ENABLE KEYS */;


--
-- Definition of table `bestellpositionen`
--

DROP TABLE IF EXISTS `bestellpositionen`;
CREATE TABLE `bestellpositionen` (
  `bestellID` int(11) NOT NULL default '0',
  `artikelID` int(11) NOT NULL default '0',
  `menge` int(11) NOT NULL default '0',
  `lieferdatum` date NOT NULL default '0000-00-00',
  PRIMARY KEY  (`bestellID`,`artikelID`),
  KEY `bestellID` (`bestellID`),
  KEY `artikelID` (`artikelID`),
  CONSTRAINT `bestellpositionen_ibfk_1` FOREIGN KEY (`bestellID`) REFERENCES `bestellungen` (`id`) ON UPDATE CASCADE,
  CONSTRAINT `bestellpositionen_ibfk_2` FOREIGN KEY (`artikelID`) REFERENCES `artikel` (`id`)
) ENGINE=InnoDB DEFAULT CHARSET=utf8;

--
-- Dumping data for table `bestellpositionen`
--

/*!40000 ALTER TABLE `bestellpositionen` DISABLE KEYS */;
INSERT INTO `bestellpositionen` (`bestellID`,`artikelID`,`menge`,`lieferdatum`) VALUES 
 (2001,300,12,'2006-03-01'),
 (2001,301,12,'2006-03-01'),
 (2001,302,12,'2006-03-01'),
 (2002,400,24,'2006-03-02'),
 (2002,401,24,'2006-03-02'),
 (2003,500,12,'2006-03-02'),
 (2003,501,12,'2006-03-02'),
 (2004,600,48,'2006-03-02'),
 (2004,601,48,'2006-03-02'),
 (2005,700,12,'2007-03-02'),
 (2006,300,48,'2007-03-03'),
 (2007,301,24,'2007-04-01'),
 (2008,302,12,'2007-04-01'),
 (2009,400,12,'2007-04-01'),
 (2010,401,12,'2007-04-01'),
 (2011,500,36,'2007-04-01'),
 (2012,501,12,'2007-04-01'),
 (2013,600,24,'2007-04-01'),
 (2013,601,24,'2007-04-01'),
 (2014,700,36,'2007-04-01'),
 (2015,300,24,'2007-04-01'),
 (2015,301,24,'2007-04-01'),
 (2015,302,24,'2007-04-01'),
 (2015,700,24,'2007-04-01'),
 (2016,400,12,'2007-04-01'),
 (2016,401,12,'2006-04-01'),
 (2016,500,12,'2007-04-01'),
 (2016,501,12,'2006-04-01'),
 (2017,302,48,'2007-03-01'),
 (2017,600,48,'2007-04-01'),
 (2017,601,48,'2007-04-01'),
 (2018,700,60,'2007-03-01'),
 (2019,300,12,'2006-02-01'),
 (2020,700,24,'2007-03-01'),
 (2021,600,12,'2007-04-01'),
 (2022,500,24,'2007-05-01'),
 (2023,401,24,'2007-06-01'),
 (2024,302,36,'2007-07-01'),
 (2025,501,12,'2007-05-01'),
 (2026,301,48,'2007-02-01'),
 (2026,700,48,'2007-02-01'),
 (2027,401,12,'2007-06-01'),
 (2028,601,24,'2006-07-01'),
 (2029,302,48,'2006-06-01'),
 (2030,300,24,'2007-04-01'),
 (2030,301,24,'2007-04-01'),
 (2030,302,24,'2007-04-01'),
 (2030,700,24,'2007-04-01'),
 (2031,400,48,'2006-06-01'),
 (2031,401,48,'2007-06-01'),
 (2032,501,60,'2007-07-01'),
 (2033,400,24,'2007-02-01'),
 (2033,401,24,'2006-02-01'),
 (2035,501,36,'2007-04-03'),
 (2036,600,12,'2007-01-01'),
 (2037,601,12,'2006-01-02'),
 (2038,700,60,'2007-02-01'),
 (2039,300,12,'2006-03-01'),
 (2040,301,24,'2007-04-02'),
 (2041,302,36,'2007-05-01'),
 (2042,400,12,'2007-02-02'),
 (2043,401,36,'2007-03-02'),
 (2044,500,48,'2006-07-01'),
 (2045,501,36,'2006-07-01'),
 (2046,600,12,'2007-02-01'),
 (2047,601,24,'2007-03-01'),
 (2048,700,12,'2007-03-01'),
 (2049,300,24,'2007-02-01'),
 (2050,301,24,'2007-03-01'),
 (2051,302,36,'2006-05-01'),
 (2052,400,48,'2007-07-01'),
 (2053,401,60,'2007-06-03'),
 (2054,500,12,'2007-05-03'),
 (2055,501,12,'2007-03-03'),
 (2056,600,24,'2007-04-01'),
 (2057,700,24,'2007-03-02'),
 (2058,300,12,'2007-04-01'),
 (2059,301,12,'2007-04-01'),
 (2060,302,12,'2007-05-01'),
 (2061,400,24,'2006-07-02'),
 (2062,401,36,'2007-06-01'),
 (2063,500,48,'2007-06-02'),
 (2064,501,60,'2007-05-01'),
 (2065,600,12,'2006-01-01'),
 (2067,700,72,'2007-04-02'),
 (2068,300,36,'2007-05-01'),
 (2069,301,12,'2007-02-01'),
 (2070,302,24,'2006-03-01'),
 (2071,400,60,'2007-05-02'),
 (2072,400,24,'2007-05-01'),
 (2073,401,24,'2007-06-01'),
 (2074,500,12,'2007-07-02'),
 (2074,501,12,'2007-07-02'),
 (2075,600,12,'2007-02-01'),
 (2076,601,36,'2007-03-02'),
 (2077,700,48,'2007-04-01'),
 (2078,300,12,'2007-05-01'),
 (2079,301,24,'2007-04-01'),
 (2080,302,12,'2007-05-01'),
 (2081,400,36,'2006-06-01'),
 (2082,401,48,'2007-07-01'),
 (2083,500,60,'2006-01-01'),
 (2084,501,60,'2007-02-01'),
 (2085,600,24,'2006-03-01'),
 (2086,601,12,'2007-04-01'),
 (2087,700,36,'2007-05-01'),
 (2089,300,12,'2007-06-01'),
 (2090,301,24,'2007-07-01'),
 (2091,302,60,'2007-07-01'),
 (2092,400,12,'2007-01-01'),
 (2093,401,24,'2006-02-01'),
 (2094,500,24,'2007-03-01'),
 (2095,300,36,'2007-04-02'),
 (2095,301,36,'2007-04-02'),
 (2095,302,36,'2007-04-02'),
 (2096,501,12,'2007-05-01'),
 (2097,600,48,'2006-06-02'),
 (2098,601,60,'2007-07-01'),
 (2099,700,12,'2006-01-02'),
 (2100,400,36,'2007-02-02'),
 (2101,401,24,'2006-03-02'),
 (2102,500,12,'2007-04-02'),
 (2103,501,48,'2007-05-02'),
 (2104,600,12,'2006-06-02'),
 (2105,700,24,'2007-07-02'),
 (2106,300,12,'2007-01-01'),
 (2107,301,36,'2006-02-01'),
 (2109,400,60,'2006-04-01'),
 (2110,401,24,'2007-05-01'),
 (2111,500,36,'2007-06-01'),
 (2112,501,12,'2007-07-01'),
 (2112,601,12,'2007-01-01'),
 (2113,600,12,'2007-01-01'),
 (2114,600,24,'2007-02-01'),
 (2114,601,24,'2007-02-01'),
 (2115,600,36,'2006-03-01'),
 (2115,700,36,'2006-03-01'),
 (2116,300,48,'2007-04-01'),
 (2117,301,60,'2006-05-01'),
 (2118,302,12,'2007-06-02'),
 (2119,400,24,'2007-07-01'),
 (2120,401,24,'2007-01-02'),
 (2121,500,12,'2006-02-02'),
 (2122,501,48,'2007-03-02'),
 (2123,600,60,'2007-04-02'),
 (2124,601,60,'2006-05-02'),
 (2125,400,36,'2007-06-02'),
 (2125,401,36,'2007-06-02'),
 (2125,500,36,'2007-06-02'),
 (2126,301,24,'2006-01-01'),
 (2127,400,36,'2007-01-01'),
 (2128,400,24,'2006-01-02'),
 (2128,700,36,'2006-01-02'),
 (2129,300,12,'2006-01-01'),
 (2130,501,24,'2006-01-02'),
 (2131,300,12,'2006-01-01'),
 (2131,301,12,'2006-01-01'),
 (2131,302,12,'2006-01-01'),
 (2132,400,48,'2006-01-01'),
 (2132,401,48,'2006-01-01'),
 (2133,500,24,'2006-01-01'),
 (2134,600,12,'2006-01-01'),
 (2135,300,12,'2006-01-01'),
 (2135,301,12,'2006-01-01'),
 (2135,302,12,'2006-01-01'),
 (2136,400,24,'2006-01-01'),
 (2136,401,24,'2006-01-01'),
 (2137,500,60,'2006-01-01'),
 (2137,501,60,'2006-01-01'),
 (2138,600,36,'2006-01-01'),
 (2138,601,36,'2006-01-01'),
 (2139,700,60,'2006-01-02'),
 (2140,300,36,'2006-01-02'),
 (2140,301,36,'2006-01-02'),
 (2140,302,36,'2006-01-02'),
 (2141,400,12,'2006-01-02'),
 (2141,401,12,'2006-01-02'),
 (2142,500,24,'2006-01-02'),
 (2142,501,24,'2006-01-02'),
 (2143,600,48,'2006-01-02'),
 (2143,601,48,'2006-01-02'),
 (2144,400,12,'2006-01-02'),
 (2144,700,12,'2006-01-02'),
 (2145,500,24,'2006-01-02'),
 (2145,501,24,'2006-01-02'),
 (2146,600,12,'2006-01-02'),
 (2146,601,12,'2006-01-02'),
 (2146,700,12,'2006-01-02'),
 (2147,300,36,'2006-01-02'),
 (2147,301,36,'2006-01-02'),
 (2147,302,36,'2006-01-02'),
 (2148,400,12,'2006-01-03'),
 (2148,401,12,'2006-01-03'),
 (2149,500,24,'2006-02-01'),
 (2149,501,24,'2006-02-01'),
 (2150,600,12,'2006-02-01'),
 (2150,601,12,'2006-02-01'),
 (2151,700,72,'2006-02-01'),
 (2152,400,12,'2006-02-01'),
 (2152,401,12,'2006-02-01'),
 (2153,500,24,'2006-02-01'),
 (2153,501,24,'2006-02-01'),
 (2154,600,36,'2006-02-01'),
 (2154,601,36,'2006-02-01'),
 (2155,700,60,'2006-02-01'),
 (2156,300,12,'2006-02-01'),
 (2156,301,12,'2006-02-01'),
 (2156,302,12,'2006-02-01'),
 (2156,700,12,'2006-02-01'),
 (2157,400,24,'2006-02-01'),
 (2157,401,24,'2006-02-01'),
 (2157,500,24,'2006-02-01'),
 (2157,501,24,'2006-02-01'),
 (2158,500,12,'2006-02-01'),
 (2158,501,12,'2006-02-01'),
 (2158,600,36,'2006-02-01'),
 (2158,601,36,'2006-02-01'),
 (2159,600,24,'2006-02-01'),
 (2160,601,24,'2006-02-01'),
 (2161,300,36,'2006-02-01'),
 (2161,301,36,'2006-02-01'),
 (2161,302,12,'2006-02-01'),
 (2162,400,24,'2006-02-01'),
 (2162,401,12,'2006-02-01'),
 (2162,500,36,'2006-02-01'),
 (2163,600,24,'2006-02-02'),
 (2163,601,24,'2006-02-02'),
 (2164,600,60,'2006-02-02'),
 (2164,601,60,'2006-02-02'),
 (2164,700,36,'2006-02-02'),
 (2165,300,12,'2006-02-02'),
 (2165,301,24,'2006-02-02'),
 (2165,302,12,'2006-02-02'),
 (2166,400,36,'2006-02-02'),
 (2166,401,36,'2006-02-02'),
 (2167,400,12,'2006-02-02'),
 (2167,401,12,'2006-02-02'),
 (2167,500,12,'2006-02-02'),
 (2167,501,24,'2006-02-02'),
 (2168,600,24,'2006-02-02'),
 (2168,601,24,'2006-02-02'),
 (2169,300,36,'2006-02-02'),
 (2169,301,36,'2007-02-02'),
 (2169,302,24,'2006-02-02'),
 (2170,400,60,'2006-03-01'),
 (2170,401,24,'2006-03-01'),
 (2170,500,24,'2006-03-01'),
 (2171,600,12,'2006-03-01'),
 (2171,601,12,'2006-03-01'),
 (2172,300,24,'2006-03-01'),
 (2172,301,24,'2007-03-01'),
 (2172,302,24,'2007-03-01'),
 (2173,400,12,'2006-03-01'),
 (2173,401,12,'2006-03-01'),
 (2174,500,36,'2006-03-01'),
 (2174,501,36,'2006-03-01'),
 (2175,600,48,'2006-03-01'),
 (2175,601,48,'2006-03-01'),
 (2176,700,60,'2006-03-01'),
 (2177,300,12,'2006-03-01'),
 (2178,300,24,'2006-03-01'),
 (2178,301,24,'2006-03-01'),
 (2178,400,12,'2006-03-01'),
 (2179,500,36,'2006-03-01'),
 (2179,501,36,'2006-03-01'),
 (2180,600,12,'2006-03-01'),
 (2180,601,12,'2006-03-01'),
 (2180,700,24,'2006-03-01'),
 (2181,400,36,'2006-03-01'),
 (2181,401,36,'2006-03-01'),
 (2182,500,12,'2006-03-01'),
 (2182,501,12,'2006-03-01'),
 (2183,600,24,'2006-03-01'),
 (2183,601,24,'2006-03-01'),
 (2184,300,12,'2006-03-01'),
 (2184,301,12,'2006-03-01'),
 (2184,700,12,'2006-03-01'),
 (2185,400,24,'2006-03-02'),
 (2185,401,24,'2006-03-02'),
 (2186,500,36,'2006-03-02'),
 (2186,501,36,'2006-03-02'),
 (2187,600,48,'2006-03-02'),
 (2187,601,48,'2006-03-02'),
 (2188,700,60,'2006-03-02'),
 (2189,300,12,'2006-03-02'),
 (2189,302,12,'2006-03-02'),
 (2190,301,24,'2006-03-02'),
 (2190,400,24,'2006-03-02'),
 (2190,501,24,'2006-03-02'),
 (2191,302,36,'2006-03-02'),
 (2191,601,36,'2006-03-02'),
 (2191,700,36,'2006-03-02'),
 (2192,301,12,'2006-03-03'),
 (2192,401,12,'2006-03-03'),
 (2192,600,12,'2006-03-03'),
 (2193,600,24,'2006-03-03'),
 (2193,601,24,'2006-03-03'),
 (2193,700,24,'2006-03-03'),
 (2194,300,12,'2006-04-01'),
 (2194,301,12,'2006-04-01'),
 (2194,302,12,'2006-04-01'),
 (2195,400,12,'2006-04-01'),
 (2195,500,24,'2006-04-01'),
 (2195,501,24,'2006-04-01'),
 (2196,400,36,'2006-04-01'),
 (2196,401,36,'2006-04-01'),
 (2196,500,24,'2006-04-01'),
 (2197,600,48,'2006-04-01'),
 (2197,601,48,'2006-04-01'),
 (2197,700,48,'2006-04-01'),
 (2198,300,12,'2006-04-01'),
 (2198,301,12,'2006-04-01'),
 (2198,302,12,'2006-04-01'),
 (2199,400,36,'2006-04-01'),
 (2199,401,36,'2006-04-01'),
 (2199,600,12,'2006-04-01'),
 (2200,400,24,'2006-04-01'),
 (2200,401,24,'2006-04-01'),
 (2200,500,24,'2006-04-01'),
 (2201,600,60,'2006-04-01'),
 (2201,601,60,'2006-04-01'),
 (2201,700,60,'2006-04-01'),
 (2202,300,12,'2006-04-01'),
 (2202,301,12,'2006-04-01'),
 (2202,302,12,'2006-04-01'),
 (2203,400,24,'2006-04-01'),
 (2203,401,24,'2006-04-01'),
 (2204,400,24,'2006-04-01'),
 (2204,401,24,'2006-04-01'),
 (2204,500,36,'2006-04-01'),
 (2204,501,36,'2006-04-01'),
 (2205,500,12,'2006-04-01'),
 (2205,501,12,'2006-04-01'),
 (2205,700,24,'2006-04-01'),
 (2206,300,12,'2006-04-01'),
 (2206,301,12,'2006-04-01'),
 (2206,302,12,'2006-04-01'),
 (2206,700,12,'2006-04-01'),
 (2207,400,24,'2006-04-02'),
 (2207,401,24,'2006-04-02'),
 (2207,501,12,'2006-04-02'),
 (2208,400,36,'2006-04-02'),
 (2208,401,36,'2006-04-02'),
 (2208,500,36,'2006-04-02'),
 (2208,501,36,'2006-04-02'),
 (2209,500,12,'2006-04-02'),
 (2209,501,12,'2006-04-02'),
 (2209,600,12,'2006-04-02'),
 (2209,601,12,'2006-04-02'),
 (2210,300,24,'2006-04-02'),
 (2210,301,24,'2006-04-02'),
 (2210,302,24,'2006-04-02'),
 (2210,700,24,'2006-04-02'),
 (2211,400,36,'2006-04-02'),
 (2211,501,24,'2006-04-02'),
 (2211,600,12,'2006-04-02'),
 (2212,401,36,'2006-04-02'),
 (2212,500,24,'2006-04-02'),
 (2212,601,12,'2006-04-02'),
 (2213,300,48,'2006-04-02'),
 (2213,301,36,'2006-04-02'),
 (2213,600,24,'2006-04-02'),
 (2213,601,24,'2006-04-02'),
 (2214,302,12,'2006-04-02'),
 (2214,401,12,'2006-04-02'),
 (2214,700,24,'2006-04-02'),
 (2215,301,12,'2006-04-03'),
 (2215,500,12,'2006-04-03'),
 (2215,700,36,'2006-04-03'),
 (2216,400,24,'2006-05-01'),
 (2216,401,24,'2006-05-01'),
 (2217,400,24,'2006-05-01'),
 (2217,500,36,'2006-05-01'),
 (2217,501,36,'2006-05-01'),
 (2218,600,24,'2006-05-01'),
 (2218,601,24,'2006-05-01'),
 (2219,300,24,'2006-05-01'),
 (2219,401,12,'2006-05-01'),
 (2219,700,48,'2006-05-01'),
 (2220,301,24,'2006-05-01'),
 (2220,700,36,'2006-05-01'),
 (2221,401,12,'2006-05-01'),
 (2221,601,24,'2006-05-01'),
 (2222,500,12,'2006-05-01'),
 (2222,501,12,'2006-05-01'),
 (2223,600,24,'2006-05-01'),
 (2223,601,24,'2006-05-01'),
 (2223,700,12,'2006-05-01'),
 (2224,300,24,'2006-05-01'),
 (2224,301,24,'2006-05-01'),
 (2224,302,24,'2006-05-01'),
 (2225,400,36,'2006-05-01'),
 (2225,401,36,'2006-05-01'),
 (2226,500,12,'2006-05-01'),
 (2226,501,12,'2006-05-01'),
 (2227,600,12,'2006-05-01'),
 (2227,601,12,'2006-05-01'),
 (2228,300,36,'2006-05-01'),
 (2228,302,36,'2006-05-01'),
 (2229,301,24,'2006-05-02'),
 (2229,400,24,'2006-05-02'),
 (2229,700,12,'2006-05-02'),
 (2230,600,60,'2006-05-02'),
 (2230,601,60,'2006-05-02'),
 (2231,500,72,'2006-05-02'),
 (2231,501,60,'2006-05-02'),
 (2232,400,36,'2006-05-02'),
 (2232,401,36,'2006-05-02'),
 (2233,500,12,'2006-05-02'),
 (2233,501,12,'2006-05-02'),
 (2234,600,24,'2006-05-02'),
 (2234,601,24,'2006-05-02'),
 (2235,300,36,'2006-05-02'),
 (2235,302,36,'2006-05-02'),
 (2236,301,12,'2006-05-02'),
 (2236,700,60,'2006-05-02'),
 (2237,400,36,'2006-06-01'),
 (2237,401,36,'2006-06-01'),
 (2238,500,24,'2006-05-02'),
 (2239,600,72,'2006-06-01'),
 (2239,601,60,'2006-06-01'),
 (2240,300,12,'2006-06-01'),
 (2240,301,12,'2006-06-01'),
 (2240,302,12,'2006-06-01'),
 (2241,400,24,'2006-06-01'),
 (2241,401,24,'2006-06-01'),
 (2242,600,60,'2006-06-01'),
 (2242,601,48,'2006-06-01'),
 (2243,500,24,'2006-06-01'),
 (2243,501,12,'2006-06-01'),
 (2244,300,24,'2006-06-01'),
 (2244,302,24,'2006-06-01'),
 (2245,301,36,'2006-06-01'),
 (2245,400,24,'2006-06-01'),
 (2246,600,48,'2006-06-01'),
 (2246,601,60,'2006-06-01'),
 (2247,300,12,'2006-06-01'),
 (2247,700,24,'2006-06-01'),
 (2248,301,12,'2006-06-01'),
 (2248,400,12,'2006-06-01'),
 (2249,302,12,'2006-06-01'),
 (2249,401,24,'2006-06-01'),
 (2250,300,24,'2006-06-01'),
 (2250,700,36,'2006-06-01'),
 (2251,500,12,'2006-06-01'),
 (2251,501,24,'2006-06-01'),
 (2252,300,12,'2006-06-01'),
 (2252,302,12,'2006-06-01'),
 (2253,301,24,'2006-06-02'),
 (2253,400,12,'2006-06-02'),
 (2254,500,36,'2006-06-02'),
 (2254,501,24,'2006-06-02'),
 (2255,600,48,'2006-06-02'),
 (2255,601,36,'2006-06-02'),
 (2256,400,12,'2006-06-02'),
 (2256,401,12,'2006-06-02'),
 (2257,302,24,'2006-06-02'),
 (2257,400,12,'2006-06-02'),
 (2257,700,24,'2006-06-02'),
 (2258,300,36,'2006-06-02'),
 (2258,301,24,'2006-06-02'),
 (2258,302,12,'2006-06-02'),
 (2259,400,36,'2006-06-03'),
 (2259,401,36,'2006-06-03'),
 (2260,600,48,'2006-07-01'),
 (2260,601,48,'2006-07-01'),
 (2261,300,12,'2006-07-01'),
 (2261,700,48,'2006-07-01'),
 (2262,301,24,'2006-07-01'),
 (2262,400,12,'2006-07-01'),
 (2263,300,24,'2006-07-01'),
 (2263,302,24,'2006-07-01'),
 (2264,401,36,'2006-07-01'),
 (2264,501,48,'2006-07-01'),
 (2264,600,12,'2006-07-01'),
 (2265,400,24,'2006-07-01'),
 (2265,401,24,'2006-07-01'),
 (2266,500,12,'2006-07-01'),
 (2266,501,12,'2006-07-01'),
 (2267,600,24,'2006-07-01'),
 (2267,601,12,'2006-07-01'),
 (2267,700,48,'2006-07-01'),
 (2268,300,12,'2006-07-01'),
 (2268,301,12,'2006-07-01'),
 (2269,300,24,'2006-07-01'),
 (2269,400,48,'2006-07-01'),
 (2269,601,12,'2006-07-01'),
 (2270,400,36,'2006-07-01'),
 (2270,401,24,'2006-07-01'),
 (2271,500,12,'2006-07-01'),
 (2272,600,24,'2006-07-01'),
 (2272,601,12,'2006-07-01'),
 (2273,700,60,'2006-07-01'),
 (2274,300,48,'2006-07-02'),
 (2274,301,36,'2006-07-02'),
 (2275,400,12,'2006-07-02'),
 (2275,401,24,'2006-07-02'),
 (2276,500,36,'2006-07-02'),
 (2276,501,24,'2006-07-02'),
 (2277,600,12,'2006-07-02'),
 (2277,601,24,'2006-07-02'),
 (2278,700,48,'2006-07-02'),
 (2279,300,12,'2006-07-02'),
 (2280,301,24,'2006-07-02'),
 (2280,700,48,'2006-07-02'),
 (2281,400,12,'2006-07-02'),
 (2281,401,12,'2006-07-02'),
 (2282,600,24,'2006-07-02'),
 (2282,601,12,'2006-07-02'),
 (2283,700,48,'2006-07-02'),
 (2284,301,12,'2006-07-02'),
 (2284,700,60,'2006-07-02'),
 (2285,300,24,'2006-07-03'),
 (2285,302,12,'2006-07-03'),
 (2286,301,24,'2006-07-03'),
 (2286,400,12,'2006-07-03'),
 (2287,500,12,'2006-07-03'),
 (2287,501,24,'2006-07-03'),
 (2288,600,12,'2006-08-01'),
 (2288,601,24,'2006-08-01'),
 (2289,700,48,'2006-08-01'),
 (2290,300,12,'2006-08-01'),
 (2290,301,12,'2006-08-01'),
 (2290,600,24,'2006-08-01'),
 (2291,601,12,'2006-08-01'),
 (2291,700,12,'2006-08-01'),
 (2292,500,24,'2006-08-01'),
 (2292,501,12,'2006-08-01'),
 (2293,600,24,'2006-08-01'),
 (2293,601,12,'2006-08-01'),
 (2294,700,36,'2006-08-01'),
 (2295,500,12,'2006-08-01'),
 (2295,501,24,'2006-08-01'),
 (2296,600,36,'2006-08-01'),
 (2296,601,24,'2006-08-01'),
 (2297,700,12,'2006-08-01'),
 (2298,300,60,'2006-08-01'),
 (2298,301,36,'2006-08-01'),
 (2299,400,12,'2006-08-01'),
 (2299,401,12,'2006-08-01'),
 (2300,600,36,'2006-08-01'),
 (2300,601,24,'2006-08-01'),
 (2301,700,36,'2006-08-01'),
 (2302,400,12,'2006-08-02'),
 (2302,401,24,'2006-08-02'),
 (2303,500,36,'2006-08-02'),
 (2303,501,36,'2006-08-02'),
 (2304,700,60,'2006-08-02'),
 (2305,301,12,'2006-08-02'),
 (2306,300,24,'2006-08-02'),
 (2306,302,12,'2006-08-02'),
 (2307,301,36,'2006-08-02'),
 (2307,700,12,'2006-08-02'),
 (2308,400,24,'2006-08-02'),
 (2308,401,24,'2006-08-02'),
 (2309,500,12,'2006-08-02'),
 (2309,501,12,'2006-08-02'),
 (2310,600,24,'2006-08-02'),
 (2310,601,24,'2006-08-02'),
 (2311,700,36,'2006-08-02'),
 (2312,300,12,'2006-08-03'),
 (2312,301,12,'2006-08-03'),
 (2312,302,12,'2006-08-03'),
 (2313,300,12,'2006-09-01'),
 (2313,700,24,'2006-09-01'),
 (2314,301,24,'2006-09-01'),
 (2315,400,12,'2006-09-01'),
 (2315,401,12,'2006-09-01'),
 (2316,500,24,'2006-09-01'),
 (2316,501,12,'2006-09-01'),
 (2317,600,36,'2006-09-01'),
 (2317,601,48,'2006-09-01'),
 (2318,300,12,'2006-09-01'),
 (2318,301,12,'2006-09-01'),
 (2319,302,24,'2006-09-01'),
 (2319,700,36,'2006-09-01'),
 (2320,400,12,'2006-09-01'),
 (2320,401,12,'2006-09-01'),
 (2321,501,24,'2006-09-01'),
 (2322,700,60,'2006-09-01'),
 (2323,600,48,'2006-09-01'),
 (2324,601,24,'2006-09-01'),
 (2324,700,12,'2006-09-01'),
 (2325,400,24,'2006-09-01'),
 (2326,600,12,'2006-09-01'),
 (2327,300,24,'2006-09-01'),
 (2327,302,12,'2006-09-01'),
 (2328,301,36,'2006-09-01'),
 (2328,302,24,'2006-09-01'),
 (2329,300,12,'2006-09-01'),
 (2329,700,48,'2006-09-01'),
 (2330,400,24,'2006-09-01'),
 (2331,501,12,'2006-09-01'),
 (2332,600,72,'2006-09-02'),
 (2333,700,12,'2006-09-01'),
 (2334,301,24,'2006-09-02'),
 (2334,302,12,'2006-09-02'),
 (2335,300,36,'2006-09-02'),
 (2336,700,36,'2006-09-02'),
 (2337,300,12,'2006-09-02'),
 (2337,301,24,'2006-09-02'),
 (2338,302,12,'2006-09-02'),
 (2339,400,24,'2006-09-02'),
 (2340,500,36,'2006-09-02'),
 (2341,601,12,'2006-09-02'),
 (2342,700,24,'2006-09-02'),
 (2343,400,12,'2006-09-02'),
 (2344,501,36,'2006-09-03'),
 (2345,600,24,'2006-09-02'),
 (2346,302,12,'2006-09-03'),
 (2347,400,38,'2006-10-01'),
 (2348,500,24,'2006-10-01'),
 (2349,302,60,'2006-10-01'),
 (2350,401,48,'2006-10-01'),
 (2351,500,12,'2006-10-01'),
 (2352,300,36,'2006-10-01'),
 (2353,501,24,'2006-10-01'),
 (2354,600,12,'2006-10-01'),
 (2355,601,36,'2006-10-01'),
 (2355,700,24,'2006-10-01'),
 (2356,300,12,'2006-10-01'),
 (2357,302,24,'2006-10-01'),
 (2358,401,36,'2006-10-01'),
 (2359,500,12,'2006-10-01'),
 (2360,301,24,'2006-10-01'),
 (2360,302,12,'2006-10-01'),
 (2361,400,36,'2006-10-01'),
 (2362,501,24,'2006-10-01'),
 (2363,601,36,'2006-10-01'),
 (2364,700,72,'2006-10-01'),
 (2365,300,12,'2006-10-01'),
 (2366,500,36,'2006-10-01'),
 (2366,501,24,'2006-10-01'),
 (2367,400,12,'2006-10-01'),
 (2368,401,24,'2006-10-01'),
 (2369,700,48,'2006-10-01'),
 (2370,600,12,'2006-10-01'),
 (2371,501,36,'2006-10-02'),
 (2372,300,24,'2006-10-02'),
 (2373,302,12,'2006-10-02'),
 (2374,501,36,'2006-10-02'),
 (2375,500,24,'2006-10-02'),
 (2376,600,12,'2006-10-02'),
 (2377,700,48,'2006-10-02'),
 (2378,301,36,'2006-10-02'),
 (2379,401,24,'2006-10-02'),
 (2379,600,12,'2006-10-02'),
 (2380,400,36,'2006-10-02'),
 (2381,302,24,'2006-10-02'),
 (2382,400,12,'2006-10-02'),
 (2383,601,24,'2006-10-02'),
 (2384,300,48,'2006-10-02'),
 (2384,401,36,'2006-10-02'),
 (2385,700,24,'2006-10-03'),
 (2386,500,12,'2006-10-03'),
 (2387,302,24,'2006-10-03'),
 (2387,700,36,'2006-10-03'),
 (2388,401,12,'2006-10-03'),
 (2388,501,24,'2006-10-03'),
 (2388,700,60,'2006-10-03'),
 (2389,600,24,'2006-10-01'),
 (2389,601,12,'2006-10-01'),
 (2390,400,36,'2006-11-01'),
 (2390,401,24,'2006-11-01'),
 (2391,300,12,'2006-11-01'),
 (2392,500,24,'2006-11-01'),
 (2392,501,24,'2006-11-01'),
 (2393,600,12,'2006-11-01'),
 (2394,700,48,'2006-11-01'),
 (2395,301,60,'2006-11-01'),
 (2395,302,24,'2006-11-01'),
 (2396,500,12,'2006-11-01'),
 (2396,501,12,'2006-11-01'),
 (2397,700,36,'2006-11-01'),
 (2398,400,24,'2006-11-01'),
 (2398,500,12,'2006-11-01'),
 (2398,501,24,'2006-11-01'),
 (2399,401,48,'2006-11-01'),
 (2399,700,12,'2006-11-01'),
 (2400,300,24,'2006-11-01'),
 (2400,301,24,'2006-11-01'),
 (2401,600,12,'2006-11-01'),
 (2401,601,24,'2006-11-01'),
 (2402,302,36,'2006-11-01'),
 (2403,400,12,'2006-11-01'),
 (2403,401,12,'2006-11-01'),
 (2404,500,24,'2006-11-01'),
 (2404,501,12,'2006-11-01'),
 (2405,300,36,'2006-11-01'),
 (2405,301,36,'2006-11-01'),
 (2406,400,24,'2006-11-01'),
 (2406,401,12,'2006-11-01'),
 (2407,302,36,'2006-11-01'),
 (2407,700,24,'2006-11-01'),
 (2408,500,36,'2006-11-01'),
 (2408,501,24,'2006-11-01'),
 (2409,600,12,'2006-11-01'),
 (2409,601,24,'2006-11-01'),
 (2410,400,12,'2006-11-01'),
 (2411,300,36,'2006-11-01'),
 (2411,301,24,'2006-11-01'),
 (2411,302,12,'2006-11-01'),
 (2412,400,24,'2006-11-01'),
 (2412,401,24,'2006-11-01'),
 (2413,500,60,'2006-11-01'),
 (2414,501,36,'2006-11-02'),
 (2414,600,24,'2006-11-02'),
 (2415,601,12,'2006-11-02'),
 (2416,700,36,'2006-11-01'),
 (2417,302,12,'2006-11-01'),
 (2418,300,24,'2006-11-02'),
 (2418,301,12,'2006-11-02'),
 (2419,302,24,'2006-11-02'),
 (2420,400,36,'2006-11-02'),
 (2421,401,48,'2006-11-02'),
 (2422,500,36,'2006-11-02'),
 (2423,501,12,'2006-11-02'),
 (2423,600,24,'2006-11-02'),
 (2424,601,36,'2006-11-02'),
 (2425,600,24,'2006-11-02'),
 (2425,700,12,'2006-11-02'),
 (2426,300,12,'2006-11-03'),
 (2426,301,24,'2006-11-03'),
 (2426,302,24,'2006-11-03'),
 (2427,700,36,'2006-11-02'),
 (2428,400,12,'2006-12-01'),
 (2428,401,24,'2006-12-01'),
 (2429,500,24,'2006-11-03'),
 (2430,501,12,'2006-12-01'),
 (2430,600,24,'2006-12-01'),
 (2431,601,36,'2006-12-01'),
 (2432,300,24,'2006-12-01'),
 (2432,700,12,'2006-12-01'),
 (2433,301,36,'2006-12-01'),
 (2434,302,12,'2006-12-01'),
 (2434,400,24,'2006-12-01'),
 (2435,401,24,'2006-12-01'),
 (2436,500,36,'2006-12-01'),
 (2436,501,24,'2006-12-01'),
 (2437,600,12,'2006-12-01'),
 (2438,601,24,'2006-12-01'),
 (2438,700,36,'2006-12-01'),
 (2439,300,12,'2006-12-01'),
 (2439,301,12,'2006-12-01'),
 (2440,400,24,'2006-12-01'),
 (2440,401,12,'2006-12-01'),
 (2441,500,36,'2006-12-01'),
 (2441,501,36,'2006-12-01'),
 (2442,700,12,'2006-12-01'),
 (2443,600,24,'2006-12-01'),
 (2443,601,12,'2006-12-01'),
 (2444,300,24,'2006-12-01'),
 (2445,301,36,'2006-12-01'),
 (2445,302,24,'2006-12-01'),
 (2446,400,36,'2006-12-01'),
 (2446,401,24,'2006-12-01'),
 (2447,500,12,'2006-12-01'),
 (2447,501,24,'2006-12-01'),
 (2448,600,12,'2006-12-01'),
 (2449,601,24,'2006-12-01'),
 (2449,700,36,'2006-12-01'),
 (2450,300,12,'2006-12-01'),
 (2451,301,24,'2006-12-01'),
 (2451,302,12,'2006-12-01'),
 (2452,400,24,'2006-12-01'),
 (2453,401,12,'2006-12-01'),
 (2453,500,12,'2006-12-01'),
 (2454,501,36,'2006-12-01'),
 (2455,600,24,'2006-12-01'),
 (2455,601,24,'2006-12-01'),
 (2456,700,12,'2006-12-01'),
 (2457,300,12,'2006-12-01'),
 (2458,301,24,'2006-12-01'),
 (2458,302,24,'2006-12-01'),
 (2459,400,12,'2006-12-02'),
 (2459,401,24,'2006-12-02'),
 (2460,500,12,'2006-12-02'),
 (2460,501,24,'2006-12-02'),
 (2461,600,36,'2006-12-02'),
 (2461,601,48,'2006-12-02'),
 (2462,401,12,'2006-12-02'),
 (2462,700,60,'2006-12-02'),
 (2463,300,36,'2006-12-02'),
 (2463,301,24,'2006-12-02'),
 (2463,500,24,'2006-12-02'),
 (2463,501,12,'2006-12-02'),
 (2464,400,12,'2006-12-02'),
 (2464,600,36,'2006-12-02'),
 (2464,601,48,'2006-12-02'),
 (2465,400,12,'2006-12-02'),
 (2465,700,24,'2006-12-02'),
 (2466,500,12,'2006-12-03'),
 (2466,501,24,'2006-12-02'),
 (2467,600,36,'2006-12-02'),
 (2468,300,24,'2006-12-03'),
 (2468,700,24,'2006-12-03'),
 (2469,400,12,'2006-12-02'),
 (2470,500,12,'2006-12-03'),
 (2471,600,24,'2006-12-03'),
 (2472,700,60,'2006-12-03'),
 (2473,300,12,'2007-01-01'),
 (2473,301,24,'2007-01-01'),
 (2474,400,36,'2007-01-01'),
 (2474,401,24,'2007-01-01'),
 (2475,500,36,'2007-01-01'),
 (2475,501,24,'2007-01-01'),
 (2476,700,60,'2007-01-01'),
 (2477,300,36,'2007-01-01'),
 (2477,302,24,'2007-01-01'),
 (2478,400,12,'2007-01-01'),
 (2478,401,24,'2007-01-01'),
 (2479,500,36,'2007-01-01'),
 (2479,501,24,'2007-01-01'),
 (2480,600,24,'2007-01-01'),
 (2480,601,12,'2007-01-01'),
 (2481,302,12,'2007-01-01'),
 (2481,700,72,'2007-01-01'),
 (2482,300,24,'2007-01-01'),
 (2482,301,24,'2007-01-01'),
 (2483,700,36,'2007-01-01'),
 (2484,401,24,'2007-01-01'),
 (2485,500,24,'2007-01-01'),
 (2485,501,12,'2007-01-01'),
 (2486,600,36,'2007-01-01'),
 (2486,601,24,'2007-01-01'),
 (2487,700,48,'2007-01-01'),
 (2488,300,12,'2007-01-01'),
 (2488,301,12,'2007-01-01'),
 (2489,400,24,'2007-01-01'),
 (2489,401,24,'2007-01-01'),
 (2490,500,36,'2007-01-01'),
 (2490,501,36,'2007-01-01'),
 (2491,600,24,'2007-01-01'),
 (2491,601,24,'2007-01-01'),
 (2492,300,12,'2007-01-02'),
 (2492,301,12,'2007-01-02'),
 (2493,400,24,'2007-01-02'),
 (2493,401,12,'2007-01-02'),
 (2494,500,36,'2007-01-02'),
 (2495,600,24,'2007-01-02'),
 (2495,601,12,'2007-01-02'),
 (2496,500,24,'2007-01-02'),
 (2496,501,12,'2007-01-02'),
 (2497,700,48,'2007-01-02'),
 (2498,300,12,'2007-01-02'),
 (2498,301,12,'2007-01-02'),
 (2499,400,24,'2007-01-02'),
 (2499,401,24,'2007-01-02'),
 (2500,302,36,'2007-01-02'),
 (2500,700,48,'2007-01-02'),
 (2501,500,12,'2007-01-02'),
 (2501,501,12,'2007-01-02'),
 (2502,600,24,'2007-01-02'),
 (2502,601,24,'2007-01-02'),
 (2503,700,12,'2007-01-02'),
 (2504,300,24,'2007-01-02'),
 (2504,301,24,'2007-01-02'),
 (2505,700,12,'2007-01-02'),
 (2506,400,36,'2007-01-02'),
 (2506,401,24,'2007-01-02'),
 (2507,500,12,'2007-02-01'),
 (2507,501,12,'2007-02-01'),
 (2508,300,36,'2007-02-01'),
 (2508,302,36,'2007-02-01'),
 (2509,301,24,'2007-02-01'),
 (2509,400,12,'2007-02-01'),
 (2510,500,36,'2007-02-01'),
 (2510,501,24,'2007-02-01'),
 (2511,600,12,'2007-02-01'),
 (2511,601,24,'2007-02-01'),
 (2512,700,60,'2007-02-01'),
 (2513,300,12,'2007-02-01'),
 (2513,301,12,'2007-02-01'),
 (2513,302,12,'2007-02-01'),
 (2514,400,24,'2007-02-01'),
 (2514,401,24,'2007-02-01'),
 (2515,500,36,'2007-02-01'),
 (2515,501,36,'2007-02-01'),
 (2516,600,12,'2007-02-01'),
 (2516,601,12,'2007-02-01'),
 (2517,700,48,'2007-02-01'),
 (2518,300,24,'2007-02-01'),
 (2518,301,24,'2007-02-01'),
 (2519,400,36,'2007-02-01'),
 (2520,500,12,'2007-02-01'),
 (2520,501,24,'2007-02-01'),
 (2521,600,36,'2007-02-01'),
 (2521,601,36,'2007-02-01'),
 (2522,700,60,'2007-02-01'),
 (2523,700,12,'2007-02-01'),
 (2524,300,24,'2007-02-01'),
 (2524,302,24,'2007-02-01'),
 (2525,400,24,'2007-02-01'),
 (2525,401,25,'2007-02-01'),
 (2526,302,12,'2007-02-01'),
 (2526,700,12,'2007-02-01'),
 (2527,400,36,'2007-02-01'),
 (2528,500,48,'2007-02-02'),
 (2528,700,36,'2007-02-02'),
 (2529,300,12,'2007-02-02'),
 (2529,301,12,'2007-02-02'),
 (2530,400,24,'2007-02-02'),
 (2531,500,36,'2007-02-02'),
 (2531,501,36,'2007-02-02'),
 (2532,600,12,'2007-02-02'),
 (2533,400,24,'2007-02-02'),
 (2533,401,24,'2007-02-02'),
 (2534,301,12,'2007-02-02'),
 (2535,300,24,'2007-02-02'),
 (2535,301,24,'2007-02-02'),
 (2535,302,24,'2007-02-02'),
 (2536,700,48,'2007-02-02'),
 (2537,600,24,'2007-03-01'),
 (2537,601,12,'2007-03-01'),
 (2538,300,12,'2007-03-01'),
 (2538,301,24,'2007-03-01'),
 (2539,400,36,'2007-03-01'),
 (2539,401,36,'2007-03-01'),
 (2540,500,12,'2007-03-01'),
 (2540,501,12,'2007-03-01'),
 (2541,700,24,'2007-03-01'),
 (2542,400,48,'2007-03-01'),
 (2542,401,48,'2007-03-01'),
 (2543,500,12,'2007-03-01'),
 (2544,300,12,'2007-03-01'),
 (2544,301,12,'2007-03-01'),
 (2545,302,24,'2007-03-01'),
 (2546,400,36,'2007-03-01'),
 (2546,401,36,'2007-03-01'),
 (2547,500,24,'2007-03-01'),
 (2547,501,12,'2007-03-01'),
 (2548,600,24,'2007-03-01'),
 (2549,300,12,'2007-03-01'),
 (2549,301,12,'2007-03-01'),
 (2550,302,24,'2007-03-01'),
 (2551,700,12,'2007-03-01'),
 (2552,300,36,'2007-03-01'),
 (2552,301,36,'2007-03-01'),
 (2553,302,24,'2007-03-01'),
 (2554,400,12,'2007-03-01'),
 (2554,401,12,'2007-03-01'),
 (2555,500,36,'2007-03-01'),
 (2556,600,24,'2007-03-01'),
 (2556,601,24,'2007-03-01'),
 (2557,300,12,'2007-03-01'),
 (2557,301,12,'2007-03-01'),
 (2558,400,24,'2007-03-01'),
 (2559,700,60,'2007-03-01'),
 (2560,300,24,'2007-03-01'),
 (2560,301,24,'2007-03-01'),
 (2561,400,12,'2007-03-01'),
 (2561,401,12,'2007-03-01'),
 (2562,302,48,'2007-03-01'),
 (2562,400,36,'2007-03-01'),
 (2563,302,12,'2007-03-01'),
 (2563,700,24,'2007-03-01'),
 (2564,301,12,'2007-03-02'),
 (2564,302,12,'2007-03-02'),
 (2565,400,36,'2007-03-02'),
 (2566,500,24,'2007-03-02'),
 (2566,501,24,'2007-03-02'),
 (2567,401,48,'2007-03-02'),
 (2568,600,36,'2007-03-02'),
 (2568,601,36,'2007-03-02'),
 (2569,300,12,'2007-03-02'),
 (2569,700,24,'2007-03-02'),
 (2570,400,36,'2007-03-02'),
 (2570,401,24,'2007-03-02'),
 (2571,302,12,'2007-03-02'),
 (2571,700,12,'2007-03-02'),
 (2572,600,72,'2007-03-02'),
 (2573,300,24,'2007-03-02'),
 (2573,302,24,'2007-03-02'),
 (2574,301,48,'2007-03-02'),
 (2575,400,24,'2007-03-02'),
 (2575,401,12,'2007-03-02'),
 (2576,500,36,'2007-03-02'),
 (2576,501,24,'2007-03-02'),
 (2577,300,12,'2007-03-03'),
 (2577,301,12,'2007-03-03'),
 (2577,302,12,'2007-03-03'),
 (2578,700,36,'2007-03-02'),
 (2579,500,60,'2007-04-01'),
 (2580,700,12,'2007-03-03'),
 (2581,400,24,'2007-04-01'),
 (2582,400,12,'2007-04-01'),
 (2583,600,24,'2007-04-01'),
 (2583,601,24,'2007-04-01'),
 (2584,600,36,'2007-04-01'),
 (2584,601,24,'2007-04-01'),
 (2585,300,12,'2007-04-01'),
 (2585,301,12,'2007-04-01'),
 (2586,400,24,'2007-04-01'),
 (2586,401,12,'2007-04-01'),
 (2587,300,36,'2007-04-01'),
 (2587,301,36,'2007-04-01'),
 (2588,400,24,'2007-04-01'),
 (2588,401,24,'2007-04-01'),
 (2589,500,12,'2007-04-01'),
 (2589,501,12,'2007-04-01'),
 (2590,700,36,'2007-04-01'),
 (2591,300,24,'2007-04-01'),
 (2591,301,24,'2007-04-01'),
 (2592,302,12,'2007-04-01'),
 (2593,400,12,'2007-04-01'),
 (2593,401,24,'2007-04-01'),
 (2594,600,12,'2007-04-01'),
 (2594,601,12,'2007-04-01'),
 (2595,700,48,'2007-04-01'),
 (2596,500,24,'2007-04-02'),
 (2596,501,24,'2007-04-02'),
 (2597,300,12,'2007-04-02'),
 (2597,301,12,'2007-04-02'),
 (2598,400,24,'2007-04-02'),
 (2598,401,36,'2007-04-02'),
 (2599,302,72,'2007-04-02'),
 (2600,601,24,'2007-04-02'),
 (2601,400,36,'2007-04-02'),
 (2601,401,36,'2007-04-02'),
 (2602,500,12,'2007-04-02'),
 (2602,601,24,'2007-04-02'),
 (2603,301,12,'2007-04-02'),
 (2603,700,36,'2007-04-02'),
 (2604,400,24,'2007-04-02'),
 (2604,401,24,'2007-04-02'),
 (2605,700,36,'2007-04-02'),
 (2606,500,12,'2007-04-02'),
 (2606,501,24,'2007-04-02'),
 (2607,302,48,'2007-04-02'),
 (2608,601,12,'2007-04-02'),
 (2609,600,36,'2007-04-02'),
 (2609,601,24,'2007-04-02'),
 (2610,300,12,'2007-04-02'),
 (2610,301,12,'2007-04-02'),
 (2611,302,24,'2007-04-02'),
 (2611,700,48,'2007-04-02'),
 (2612,400,24,'2007-04-02'),
 (2613,500,36,'2007-04-03'),
 (2613,501,36,'2007-04-03'),
 (2614,600,24,'2007-04-02'),
 (2615,700,60,'2007-04-03'),
 (2616,301,12,'2007-05-01'),
 (2616,501,24,'2007-05-01'),
 (2617,400,24,'2007-05-01'),
 (2617,401,12,'2007-05-01'),
 (2618,600,12,'2007-05-01'),
 (2618,601,24,'2007-05-01'),
 (2619,300,12,'2007-05-01'),
 (2619,700,36,'2007-05-01'),
 (2620,301,24,'2007-05-01'),
 (2620,302,24,'2007-05-01'),
 (2621,400,12,'2007-05-01'),
 (2621,401,12,'2007-05-01'),
 (2622,302,24,'2007-05-01'),
 (2623,600,12,'2007-05-01'),
 (2623,700,12,'2007-05-01'),
 (2624,601,24,'2007-05-01'),
 (2625,302,12,'2007-05-01'),
 (2625,501,24,'2007-05-01'),
 (2625,700,24,'2007-05-01'),
 (2626,400,12,'2007-05-01'),
 (2626,500,12,'2007-05-01'),
 (2627,300,24,'2007-05-01'),
 (2627,301,24,'2007-05-01'),
 (2627,302,12,'2007-05-01'),
 (2628,400,36,'2007-05-01'),
 (2629,600,12,'2007-05-01'),
 (2629,601,24,'2007-05-01'),
 (2630,302,36,'2007-05-01'),
 (2631,400,12,'2007-05-01'),
 (2631,401,12,'2007-05-01'),
 (2632,600,24,'2007-05-01'),
 (2632,601,24,'2007-05-01'),
 (2633,300,12,'2007-05-01'),
 (2633,301,12,'2007-05-01'),
 (2634,400,24,'2007-05-01'),
 (2635,700,72,'2007-05-01'),
 (2636,600,24,'2007-05-01'),
 (2636,601,24,'2007-05-01'),
 (2637,501,48,'2007-05-01'),
 (2638,300,24,'2007-05-02'),
 (2639,401,36,'2007-05-01'),
 (2640,600,24,'2007-05-02'),
 (2641,501,36,'2007-05-02'),
 (2641,700,24,'2007-05-02'),
 (2642,300,12,'2007-05-02'),
 (2643,301,24,'2007-05-02'),
 (2644,600,36,'2007-05-02'),
 (2645,601,12,'2007-05-02'),
 (2646,302,24,'2007-05-02'),
 (2647,401,36,'2007-05-02'),
 (2648,600,12,'2007-05-02'),
 (2649,700,36,'2007-05-02'),
 (2650,600,24,'2007-05-03'),
 (2650,601,36,'2007-05-03'),
 (2651,700,48,'2007-05-03'),
 (2652,400,36,'2007-05-02');
/*!40000 ALTER TABLE `bestellpositionen` ENABLE KEYS */;


--
-- Definition of table `bestellungen`
--

DROP TABLE IF EXISTS `bestellungen`;
CREATE TABLE `bestellungen` (
  `id` int(11) NOT NULL auto_increment,
  `kundenID` int(11) NOT NULL default '0',
  `datum` date NOT NULL default '0000-00-00',
  `verkaeuferID` int(11) NOT NULL default '0',
  PRIMARY KEY  (`id`),
  KEY `kundenID` (`kundenID`),
  KEY `verkaeuferID` (`verkaeuferID`),
  CONSTRAINT `bestellungen_ibfk_1` FOREIGN KEY (`kundenID`) REFERENCES `kunden` (`id`),
  CONSTRAINT `bestellungen_ibfk_2` FOREIGN KEY (`verkaeuferID`) REFERENCES `angestellte` (`id`)
) ENGINE=InnoDB AUTO_INCREMENT=2653 DEFAULT CHARSET=utf8;

--
-- Dumping data for table `bestellungen`
--

/*!40000 ALTER TABLE `bestellungen` DISABLE KEYS */;
INSERT INTO `bestellungen` (`id`,`kundenID`,`datum`,`verkaeuferID`) VALUES 
 (2001,101,'2006-03-01',299),
 (2002,102,'2006-03-02',467),
 (2003,103,'2006-03-02',949),
 (2004,104,'2006-03-02',902),
 (2005,101,'2007-03-02',856),
 (2006,105,'2007-03-03',299),
 (2007,106,'2007-03-03',667),
 (2008,107,'2007-04-01',129),
 (2009,108,'2007-04-01',1142),
 (2010,109,'2007-04-01',195),
 (2011,110,'2007-04-01',690),
 (2012,111,'2007-04-01',1596),
 (2013,112,'2007-04-01',299),
 (2014,113,'2007-04-01',467),
 (2015,114,'2007-04-01',949),
 (2016,115,'2006-04-01',902),
 (2017,116,'2007-04-01',856),
 (2018,117,'2007-03-01',299),
 (2019,118,'2006-02-01',667),
 (2020,119,'2007-03-01',129),
 (2021,120,'2007-04-01',1142),
 (2022,121,'2007-05-01',195),
 (2023,122,'2007-06-01',690),
 (2024,123,'2007-07-01',1596),
 (2025,124,'2007-05-01',299),
 (2026,125,'2007-02-01',467),
 (2027,126,'2007-06-01',949),
 (2028,127,'2006-07-01',902),
 (2029,128,'2006-06-01',856),
 (2030,129,'2007-04-01',299),
 (2031,130,'2006-05-02',667),
 (2032,131,'2007-07-01',129),
 (2033,132,'2006-02-01',1142),
 (2035,134,'2007-04-03',690),
 (2036,135,'2007-01-01',1596),
 (2037,136,'2006-01-02',299),
 (2038,137,'2007-02-01',467),
 (2039,138,'2006-03-01',949),
 (2040,139,'2007-04-02',902),
 (2041,140,'2007-05-01',856),
 (2042,141,'2007-02-02',299),
 (2043,142,'2007-03-01',667),
 (2044,143,'2006-07-01',129),
 (2045,144,'2006-07-01',1142),
 (2046,145,'2007-02-01',195),
 (2047,146,'2007-03-01',690),
 (2048,147,'2007-03-01',1596),
 (2049,148,'2007-02-01',299),
 (2050,149,'2007-02-02',467),
 (2051,150,'2006-05-01',949),
 (2052,151,'2007-07-01',902),
 (2053,152,'2007-06-03',856),
 (2054,153,'2007-05-03',299),
 (2055,154,'2007-03-03',667),
 (2056,155,'2007-04-01',129),
 (2057,156,'2007-03-02',1142),
 (2058,157,'2007-04-01',195),
 (2059,158,'2007-04-01',690),
 (2060,159,'2007-05-01',1596),
 (2061,160,'2006-07-02',299),
 (2062,161,'2007-06-01',467),
 (2063,162,'2007-06-02',949),
 (2064,163,'2007-04-03',902),
 (2065,164,'2006-01-01',856),
 (2067,166,'2007-04-02',667),
 (2068,167,'2007-05-01',129),
 (2069,168,'2007-02-01',1142),
 (2070,169,'2006-03-01',195),
 (2071,170,'2007-05-02',299),
 (2072,171,'2007-05-01',690),
 (2073,172,'2007-05-03',1596),
 (2074,173,'2007-07-02',299),
 (2075,174,'2007-02-01',467),
 (2076,175,'2007-03-01',949),
 (2077,176,'2007-04-01',902),
 (2078,177,'2007-05-01',856),
 (2079,178,'2007-04-01',299),
 (2080,179,'2007-05-01',667),
 (2081,180,'2006-06-01',129),
 (2082,181,'2007-07-01',1142),
 (2083,182,'2006-01-01',195),
 (2084,183,'2007-02-01',690),
 (2085,184,'2006-03-01',1596),
 (2086,185,'2007-04-01',299),
 (2087,186,'2007-05-01',467),
 (2089,187,'2007-06-01',949),
 (2090,188,'2007-07-01',902),
 (2091,189,'2007-07-01',856),
 (2092,190,'2007-01-01',667),
 (2093,191,'2006-02-01',129),
 (2094,192,'2007-03-01',1142),
 (2095,193,'2007-04-01',195),
 (2096,194,'2007-05-01',690),
 (2097,195,'2006-06-01',1596),
 (2098,196,'2007-07-01',299),
 (2099,197,'2006-01-01',467),
 (2100,198,'2007-02-01',949),
 (2101,198,'2006-03-02',902),
 (2102,199,'2007-04-02',856),
 (2103,200,'2007-05-02',299),
 (2104,201,'2006-06-02',667),
 (2105,202,'2007-07-02',129),
 (2106,203,'2007-01-01',1142),
 (2107,204,'2006-02-01',195),
 (2109,206,'2006-04-01',1596),
 (2110,207,'2007-05-01',299),
 (2111,208,'2007-06-01',467),
 (2112,165,'2007-01-01',299),
 (2113,209,'2007-01-01',902),
 (2114,206,'2007-02-01',856),
 (2115,201,'2006-03-01',667),
 (2116,209,'2007-04-01',1142),
 (2117,204,'2006-05-01',195),
 (2118,147,'2007-06-01',690),
 (2119,168,'2007-07-01',1596),
 (2120,110,'2007-01-01',299),
 (2121,189,'2006-02-02',467),
 (2122,132,'2007-03-02',949),
 (2123,175,'2007-04-02',902),
 (2124,134,'2006-05-02',856),
 (2125,101,'2007-06-02',299),
 (2126,136,'2006-01-01',299),
 (2127,142,'2006-01-01',467),
 (2128,155,'2006-01-02',467),
 (2129,166,'2006-01-01',949),
 (2130,146,'2006-01-01',902),
 (2131,128,'2006-01-01',856),
 (2132,110,'2006-01-01',299),
 (2133,167,'2006-01-01',667),
 (2134,168,'2006-01-01',129),
 (2135,205,'2006-01-01',1142),
 (2136,188,'2006-01-01',195),
 (2137,170,'2006-01-01',690),
 (2138,198,'2006-01-01',1596),
 (2139,203,'2006-01-01',299),
 (2140,209,'2006-01-02',467),
 (2141,166,'2006-01-02',949),
 (2142,102,'2006-01-02',902),
 (2143,115,'2006-01-02',856),
 (2144,110,'2006-01-02',299),
 (2145,135,'2006-01-02',667),
 (2146,189,'2006-01-02',129),
 (2147,200,'2006-01-02',1142),
 (2148,199,'2006-01-03',195),
 (2149,190,'2006-01-03',690),
 (2150,169,'2006-02-01',1596),
 (2151,144,'2006-02-01',299),
 (2152,132,'2006-02-01',467),
 (2153,111,'2006-02-01',949),
 (2154,122,'2006-02-01',902),
 (2155,143,'2006-02-01',856),
 (2156,157,'2006-02-01',299),
 (2157,168,'2006-02-01',129),
 (2158,179,'2006-02-01',1142),
 (2159,181,'2006-02-01',195),
 (2160,183,'2006-02-01',195),
 (2161,199,'2006-02-01',690),
 (2162,202,'2006-02-01',1596),
 (2163,204,'2006-02-01',299),
 (2164,206,'2006-02-02',467),
 (2165,104,'2006-02-02',949),
 (2166,113,'2006-02-02',902),
 (2167,121,'2006-02-02',856),
 (2168,137,'2006-02-02',299),
 (2169,148,'2006-02-02',667),
 (2170,149,'2006-02-02',129),
 (2171,153,'2006-03-01',1142),
 (2172,202,'2006-03-01',1142),
 (2173,107,'2006-03-01',1142),
 (2174,129,'2006-03-01',195),
 (2175,208,'2006-03-01',690),
 (2176,140,'2006-03-01',1596),
 (2177,134,'2006-03-01',299),
 (2178,103,'2006-03-01',467),
 (2179,119,'2006-03-01',949),
 (2180,209,'2006-03-01',902),
 (2181,136,'2006-03-01',856),
 (2182,195,'2006-03-01',299),
 (2183,118,'2006-03-01',667),
 (2184,182,'2006-03-01',129),
 (2185,107,'2006-03-01',1142),
 (2186,111,'2006-03-02',195),
 (2187,136,'2006-03-02',690),
 (2188,144,'2006-03-02',1596),
 (2189,156,'2006-03-02',299),
 (2190,192,'2006-03-02',467),
 (2191,118,'2006-03-02',949),
 (2192,158,'2006-03-02',902),
 (2193,183,'2006-03-03',856),
 (2194,124,'2006-03-03',299),
 (2195,131,'2006-04-01',667),
 (2196,157,'2006-04-01',129),
 (2197,161,'2006-04-01',1142),
 (2198,144,'2006-04-01',195),
 (2199,116,'2006-04-01',690),
 (2200,198,'2006-04-01',1596),
 (2201,139,'2006-04-01',299),
 (2202,166,'2006-04-01',467),
 (2203,107,'2006-04-01',949),
 (2204,139,'2006-04-01',902),
 (2205,200,'2006-04-01',856),
 (2206,101,'2006-04-01',299),
 (2207,103,'2006-04-01',667),
 (2208,201,'2006-04-02',129),
 (2209,204,'2006-04-02',1142),
 (2210,206,'2006-04-02',195),
 (2211,207,'2006-04-02',690),
 (2212,190,'2006-04-02',1596),
 (2213,191,'2006-04-02',299),
 (2214,192,'2006-04-02',467),
 (2215,193,'2006-04-02',949),
 (2216,194,'2006-04-03',902),
 (2217,195,'2006-05-01',856),
 (2218,196,'2006-05-01',299),
 (2219,197,'2006-05-01',667),
 (2220,198,'2006-05-01',129),
 (2221,199,'2006-05-01',1142),
 (2222,200,'2006-05-01',195),
 (2223,201,'2006-05-01',690),
 (2224,202,'2006-05-01',1596),
 (2225,203,'2006-05-01',299),
 (2226,204,'2006-05-01',467),
 (2227,205,'2006-05-01',949),
 (2228,107,'2006-05-01',902),
 (2229,108,'2006-05-01',856),
 (2230,109,'2006-05-02',299),
 (2231,110,'2006-05-02',667),
 (2232,111,'2006-05-02',129),
 (2233,112,'2006-05-02',1142),
 (2234,113,'2006-05-02',195),
 (2235,114,'2006-05-02',690),
 (2236,115,'2006-05-02',1596),
 (2237,116,'2006-05-02',299),
 (2238,117,'2006-05-02',467),
 (2239,121,'2006-06-01',949),
 (2240,122,'2006-06-01',902),
 (2241,123,'2006-06-01',856),
 (2242,124,'2006-06-01',299),
 (2243,125,'2006-06-01',667),
 (2244,126,'2006-06-01',129),
 (2245,127,'2006-06-01',1142),
 (2246,128,'2006-06-01',195),
 (2247,129,'2006-06-01',690),
 (2248,130,'2006-06-01',1596),
 (2249,132,'2006-06-01',299),
 (2250,133,'2006-06-01',467),
 (2251,145,'2006-06-01',949),
 (2252,147,'2006-06-01',902),
 (2253,104,'2006-06-01',856),
 (2254,107,'2006-06-02',299),
 (2255,182,'2006-06-02',667),
 (2256,170,'2006-06-02',129),
 (2257,166,'2006-06-02',1142),
 (2258,151,'2006-06-02',195),
 (2259,198,'2006-06-02',690),
 (2260,176,'2006-06-03',1596),
 (2261,149,'2006-07-01',299),
 (2262,185,'2006-07-01',467),
 (2263,201,'2006-07-01',949),
 (2264,209,'2006-07-01',902),
 (2265,199,'2006-07-01',856),
 (2266,104,'2006-07-01',299),
 (2267,121,'2006-07-01',667),
 (2268,136,'2006-07-01',129),
 (2269,205,'2006-07-01',1142),
 (2270,149,'2006-07-01',195),
 (2271,150,'2006-07-01',690),
 (2272,191,'2006-07-01',1596),
 (2273,182,'2006-07-01',299),
 (2274,104,'2006-07-01',467),
 (2275,127,'2006-07-02',949),
 (2276,153,'2006-07-02',902),
 (2277,208,'2006-07-02',856),
 (2278,189,'2006-07-02',299),
 (2279,101,'2006-07-02',299),
 (2280,104,'2006-07-02',667),
 (2281,204,'2006-07-02',129),
 (2282,123,'2006-07-02',1142),
 (2283,201,'2006-07-02',195),
 (2284,113,'2006-07-02',690),
 (2285,139,'2006-07-02',1596),
 (2286,142,'2006-07-03',299),
 (2287,154,'2006-07-03',467),
 (2288,207,'2006-08-01',949),
 (2289,117,'2006-08-01',902),
 (2290,172,'2006-08-01',299),
 (2291,112,'2006-08-01',667),
 (2292,157,'2006-08-01',129),
 (2293,164,'2006-08-01',1142),
 (2294,204,'2006-08-01',195),
 (2295,101,'2006-08-01',195),
 (2296,114,'2006-08-01',690),
 (2297,197,'2006-08-01',1596),
 (2298,200,'2006-08-01',299),
 (2299,117,'2006-08-01',467),
 (2300,172,'2006-08-01',949),
 (2301,116,'2006-08-01',902),
 (2302,147,'2006-08-01',856),
 (2303,166,'2006-08-02',299),
 (2304,107,'2006-08-02',667),
 (2305,201,'2006-08-02',667),
 (2306,199,'2006-08-02',129),
 (2307,103,'2006-08-02',1142),
 (2308,111,'2006-08-02',195),
 (2309,129,'2006-08-02',690),
 (2310,147,'2006-08-02',1596),
 (2311,152,'2006-08-02',299),
 (2312,209,'2006-08-02',299),
 (2313,110,'2006-08-03',467),
 (2314,161,'2006-08-03',949),
 (2315,190,'2006-09-01',902),
 (2316,138,'2006-09-01',856),
 (2317,159,'2006-09-01',299),
 (2318,102,'2006-09-01',667),
 (2319,117,'2006-09-01',129),
 (2320,172,'2006-09-01',1142),
 (2321,201,'2006-09-01',195),
 (2322,189,'2006-09-01',690),
 (2323,119,'2006-09-01',1596),
 (2324,174,'2006-09-01',299),
 (2325,143,'2006-09-01',467),
 (2326,205,'2006-09-01',949),
 (2327,121,'2006-09-01',902),
 (2328,137,'2006-09-01',856),
 (2329,169,'2006-09-01',299),
 (2330,112,'2006-09-01',667),
 (2331,104,'2006-09-01',129),
 (2332,203,'2006-09-01',1142),
 (2333,114,'2006-09-01',195),
 (2334,138,'2006-09-02',1596),
 (2335,146,'2006-09-02',299),
 (2336,207,'2006-09-02',467),
 (2337,101,'2006-09-02',949),
 (2338,102,'2006-09-02',902),
 (2339,209,'2006-09-02',856),
 (2340,103,'2006-09-02',299),
 (2341,208,'2006-09-02',667),
 (2342,104,'2006-09-02',129),
 (2343,207,'2006-09-02',1142),
 (2344,105,'2006-09-02',195),
 (2345,206,'2006-09-02',690),
 (2346,106,'2006-09-03',1596),
 (2347,205,'2006-09-03',299),
 (2348,107,'2006-10-01',467),
 (2349,204,'2006-10-01',949),
 (2350,108,'2006-10-01',902),
 (2351,203,'2006-10-01',856),
 (2352,109,'2006-10-01',299),
 (2353,202,'2006-10-01',667),
 (2354,110,'2006-10-01',129),
 (2355,201,'2006-10-01',1142),
 (2356,111,'2006-10-01',195),
 (2357,200,'2006-10-01',690),
 (2358,112,'2006-10-01',1596),
 (2359,199,'2006-10-01',299),
 (2360,113,'2006-10-01',467),
 (2361,198,'2006-10-01',949),
 (2362,114,'2006-10-01',902),
 (2363,197,'2006-10-01',856),
 (2364,115,'2006-10-01',299),
 (2365,196,'2006-10-01',667),
 (2366,116,'2006-10-01',129),
 (2367,195,'2006-10-01',1142),
 (2368,117,'2006-10-01',195),
 (2369,194,'2006-10-01',690),
 (2370,118,'2006-10-01',1596),
 (2371,193,'2006-10-01',299),
 (2372,119,'2006-10-01',467),
 (2373,192,'2006-10-02',949),
 (2374,120,'2006-10-02',902),
 (2375,191,'2006-10-02',856),
 (2376,121,'2006-10-02',299),
 (2377,190,'2006-10-02',667),
 (2378,122,'2006-10-02',129),
 (2379,189,'2006-10-02',1142),
 (2380,123,'2006-10-02',195),
 (2381,188,'2006-10-02',690),
 (2382,124,'2006-10-02',1596),
 (2383,187,'2006-10-02',299),
 (2384,125,'2006-10-02',467),
 (2385,126,'2006-10-02',949),
 (2386,185,'2006-10-02',902),
 (2387,127,'2006-10-03',856),
 (2388,184,'2006-10-03',299),
 (2389,101,'2006-10-01',195),
 (2390,183,'2006-11-01',667),
 (2391,128,'2006-11-01',129),
 (2392,182,'2006-11-01',690),
 (2393,129,'2006-11-01',1596),
 (2394,181,'2006-11-01',299),
 (2395,130,'2006-11-01',467),
 (2396,180,'2006-11-01',949),
 (2397,131,'2006-11-01',856),
 (2398,132,'2006-11-01',299),
 (2399,178,'2006-11-01',129),
 (2400,133,'2006-11-01',1142),
 (2401,177,'2006-11-01',690),
 (2402,134,'2006-11-01',1596),
 (2403,176,'2006-11-01',299),
 (2404,135,'2006-11-01',467),
 (2405,175,'2006-11-01',949),
 (2406,136,'2006-11-01',856),
 (2407,174,'2006-11-01',299),
 (2408,137,'2006-11-01',667),
 (2409,173,'2006-11-01',1142),
 (2410,138,'2006-11-01',129),
 (2411,172,'2006-11-01',690),
 (2412,139,'2006-11-01',1596),
 (2413,171,'2006-11-01',299),
 (2414,140,'2006-11-01',467),
 (2415,170,'2006-11-01',949),
 (2416,141,'2006-11-01',667),
 (2417,169,'2006-11-01',856),
 (2418,142,'2006-11-02',299),
 (2419,168,'2006-11-02',856),
 (2420,143,'2006-11-02',667),
 (2421,167,'2006-11-02',1142),
 (2422,144,'2006-11-02',129),
 (2423,166,'2006-11-02',690),
 (2424,143,'2006-11-02',1596),
 (2425,165,'2006-11-02',299),
 (2426,144,'2006-11-02',467),
 (2427,164,'2006-11-02',856),
 (2428,145,'2006-11-03',299),
 (2429,163,'2006-11-03',667),
 (2430,146,'2006-12-01',1142),
 (2431,162,'2006-12-01',129),
 (2432,147,'2006-12-01',690),
 (2433,161,'2006-12-01',1596),
 (2434,148,'2006-12-01',299),
 (2435,160,'2006-12-01',467),
 (2436,149,'2006-12-01',949),
 (2437,159,'2006-12-01',299),
 (2438,150,'2006-12-01',856),
 (2439,158,'2006-12-01',667),
 (2440,151,'2006-12-01',1142),
 (2441,157,'2006-12-01',129),
 (2442,152,'2006-12-01',690),
 (2443,156,'2006-12-01',1596),
 (2444,153,'2006-12-01',299),
 (2445,155,'2006-12-01',467),
 (2446,154,'2006-12-01',949),
 (2447,101,'2006-12-01',856),
 (2448,209,'2006-12-01',299),
 (2449,102,'2006-12-01',667),
 (2450,208,'2006-12-01',1142),
 (2451,103,'2006-12-01',129),
 (2452,104,'2006-12-01',690),
 (2453,206,'2006-12-01',1596),
 (2454,105,'2006-12-01',299),
 (2455,205,'2006-12-01',467),
 (2456,106,'2006-12-01',949),
 (2457,204,'2006-12-01',856),
 (2458,107,'2006-12-01',299),
 (2459,203,'2006-12-02',667),
 (2460,108,'2006-12-02',1142),
 (2461,202,'2006-12-02',129),
 (2462,109,'2006-12-02',299),
 (2463,200,'2006-12-02',1596),
 (2464,110,'2006-12-02',299),
 (2465,199,'2006-12-02',856),
 (2466,112,'2006-12-02',299),
 (2467,198,'2006-12-02',667),
 (2468,113,'2006-12-03',1142),
 (2469,197,'2006-12-03',129),
 (2470,114,'2006-12-03',690),
 (2471,196,'2006-12-03',1596),
 (2472,115,'2006-12-03',856),
 (2473,195,'2007-01-01',299),
 (2474,116,'2007-01-01',467),
 (2475,194,'2007-01-01',949),
 (2476,117,'2007-01-01',299),
 (2477,193,'2007-01-01',467),
 (2478,118,'2007-01-01',949),
 (2479,192,'2007-01-01',856),
 (2480,119,'2007-01-01',299),
 (2481,191,'2007-01-01',667),
 (2482,120,'2007-01-01',1142),
 (2483,190,'2007-01-01',129),
 (2484,121,'2007-01-01',129),
 (2485,189,'2007-01-01',1142),
 (2486,122,'2007-01-01',690),
 (2487,188,'2007-01-01',1596),
 (2488,123,'2007-01-01',299),
 (2489,187,'2007-01-01',467),
 (2490,124,'2007-01-01',949),
 (2491,186,'2007-01-01',856),
 (2492,125,'2007-01-01',299),
 (2493,185,'2007-01-02',667),
 (2494,126,'2007-01-02',1142),
 (2495,184,'2007-01-02',129),
 (2496,127,'2007-01-02',690),
 (2497,183,'2007-01-02',1596),
 (2498,128,'2007-01-02',299),
 (2499,182,'2007-01-02',467),
 (2500,129,'2007-01-02',949),
 (2501,181,'2007-01-02',856),
 (2502,130,'2007-01-02',299),
 (2503,180,'2007-01-02',667),
 (2504,131,'2007-01-02',1142),
 (2505,179,'2007-01-02',129),
 (2506,132,'2007-01-02',129),
 (2507,178,'2007-01-02',690),
 (2508,133,'2007-02-01',195),
 (2509,177,'2007-02-01',1596),
 (2510,134,'2007-02-01',949),
 (2511,176,'2007-02-01',856),
 (2512,135,'2007-02-01',195),
 (2513,175,'2007-02-01',299),
 (2514,136,'2007-02-01',667),
 (2515,174,'2007-02-01',195),
 (2516,137,'2007-02-01',1142),
 (2517,173,'2007-02-01',129),
 (2518,138,'2007-02-01',195),
 (2519,172,'2007-02-01',690),
 (2520,139,'2007-02-01',1596),
 (2521,171,'2007-02-01',299),
 (2522,140,'2007-02-01',195),
 (2523,170,'2007-02-01',129),
 (2524,133,'2007-02-01',299),
 (2525,169,'2007-02-01',949),
 (2526,134,'2007-02-01',467),
 (2527,168,'2007-02-01',949),
 (2528,135,'2007-02-01',195),
 (2529,167,'2007-02-02',856),
 (2530,136,'2007-02-02',299),
 (2531,166,'2007-02-02',667),
 (2532,137,'2007-02-02',129),
 (2533,165,'2007-02-02',1142),
 (2534,138,'2007-02-02',690),
 (2535,164,'2007-02-02',1596),
 (2536,139,'2007-02-02',195),
 (2537,163,'2007-02-02',902),
 (2538,142,'2007-03-01',299),
 (2539,162,'2007-03-01',467),
 (2540,143,'2007-03-01',949),
 (2541,161,'2007-03-01',902),
 (2542,160,'2007-03-01',902),
 (2543,144,'2007-03-01',856),
 (2544,159,'2007-03-01',299),
 (2545,145,'2007-03-01',667),
 (2546,158,'2007-03-01',902),
 (2547,146,'2007-03-01',1142),
 (2548,157,'2007-03-01',129),
 (2549,147,'2007-03-01',195),
 (2550,156,'2007-03-01',690),
 (2551,148,'2007-03-01',1596),
 (2552,155,'2007-03-01',299),
 (2553,148,'2007-03-01',467),
 (2554,154,'2007-03-01',949),
 (2555,149,'2007-03-01',902),
 (2556,153,'2007-03-01',856),
 (2557,150,'2007-03-01',299),
 (2558,152,'2007-03-01',667),
 (2559,151,'2007-03-01',1142),
 (2560,101,'2007-03-01',129),
 (2561,209,'2007-03-01',195),
 (2562,102,'2007-03-01',690),
 (2563,208,'2007-03-01',1596),
 (2564,103,'2007-03-01',299),
 (2565,207,'2007-03-01',467),
 (2566,104,'2007-03-02',949),
 (2567,206,'2007-03-02',902),
 (2568,105,'2007-03-02',856),
 (2569,205,'2007-03-02',299),
 (2570,106,'2007-03-02',667),
 (2571,204,'2007-03-02',129),
 (2572,107,'2007-03-02',1142),
 (2573,203,'2007-03-02',195),
 (2574,108,'2007-03-02',690),
 (2575,202,'2007-03-02',299),
 (2576,109,'2007-03-02',667),
 (2577,201,'2007-03-02',129),
 (2578,110,'2007-03-02',1142),
 (2579,133,'2007-03-03',195),
 (2580,200,'2007-03-03',195),
 (2581,111,'2007-03-03',690),
 (2582,209,'2006-04-01',299),
 (2583,101,'2007-04-01',902),
 (2584,208,'2007-04-01',467),
 (2585,102,'2007-04-01',467),
 (2586,207,'2007-04-01',949),
 (2587,103,'2007-04-01',902),
 (2588,206,'2007-04-01',195),
 (2589,104,'2007-04-01',1142),
 (2590,205,'2007-04-01',129),
 (2591,105,'2007-04-01',195),
 (2592,204,'2007-04-01',690),
 (2593,106,'2007-04-01',1596),
 (2594,203,'2007-04-01',299),
 (2595,107,'2007-04-01',467),
 (2596,202,'2007-04-01',949),
 (2597,108,'2007-04-01',902),
 (2598,201,'2007-04-02',856),
 (2599,109,'2007-04-02',299),
 (2600,200,'2007-04-02',667),
 (2601,110,'2007-04-02',1142),
 (2602,199,'2007-04-02',129),
 (2603,111,'2007-04-02',690),
 (2604,198,'2007-04-02',1596),
 (2605,112,'2007-04-02',299),
 (2606,197,'2007-04-02',467),
 (2607,113,'2007-04-02',949),
 (2608,196,'2007-04-02',902),
 (2609,114,'2007-04-02',856),
 (2610,195,'2007-04-02',299),
 (2611,115,'2007-04-02',667),
 (2612,194,'2007-04-02',129),
 (2613,116,'2007-04-02',1142),
 (2614,193,'2007-04-02',690),
 (2615,117,'2007-04-02',1596),
 (2616,192,'2007-04-03',299),
 (2617,118,'2007-05-01',467),
 (2618,191,'2007-05-01',902),
 (2619,119,'2007-05-01',856),
 (2620,190,'2007-05-01',299),
 (2621,120,'2007-05-01',667),
 (2622,189,'2007-05-01',1142),
 (2623,121,'2007-05-01',129),
 (2624,188,'2007-05-01',195),
 (2625,122,'2007-05-01',690),
 (2626,187,'2007-05-01',1596),
 (2627,123,'2007-05-01',299),
 (2628,186,'2007-05-01',467),
 (2629,124,'2007-05-01',949),
 (2630,185,'2007-05-01',902),
 (2631,125,'2007-05-01',856),
 (2632,184,'2007-05-01',299),
 (2633,126,'2007-05-01',667),
 (2634,183,'2007-05-01',1142),
 (2635,127,'2007-05-01',129),
 (2636,182,'2007-05-01',195),
 (2637,128,'2007-05-01',690),
 (2638,181,'2007-05-01',1596),
 (2639,129,'2007-05-01',299),
 (2640,180,'2007-05-02',467),
 (2641,130,'2007-05-02',949),
 (2642,179,'2007-05-02',902),
 (2643,129,'2007-05-02',856),
 (2644,178,'2007-05-02',299),
 (2645,130,'2007-05-02',667),
 (2646,177,'2007-05-02',1142),
 (2647,131,'2007-05-02',129),
 (2648,176,'2007-05-02',195),
 (2649,132,'2007-05-02',690),
 (2650,175,'2007-05-02',1596),
 (2651,133,'2007-05-02',299),
 (2652,174,'2007-05-02',902);
/*!40000 ALTER TABLE `bestellungen` ENABLE KEYS */;


--
-- Definition of table `kontakte`
--

DROP TABLE IF EXISTS `kontakte`;
CREATE TABLE `kontakte` (
  `id` int(11) NOT NULL auto_increment,
  `personID` int(10) unsigned NOT NULL,
  PRIMARY KEY  (`id`),
  KEY `FK_kontakte_1` (`personID`),
  CONSTRAINT `FK_kontakte_1` FOREIGN KEY (`personID`) REFERENCES `personen` (`id`)
) ENGINE=InnoDB AUTO_INCREMENT=61 DEFAULT CHARSET=utf8;

--
-- Dumping data for table `kontakte`
--

/*!40000 ALTER TABLE `kontakte` DISABLE KEYS */;
INSERT INTO `kontakte` (`id`,`personID`) VALUES 
 (1,209),
 (2,210),
 (3,211),
 (4,212),
 (5,213),
 (6,214),
 (7,215),
 (8,216),
 (9,217),
 (10,218),
 (11,219),
 (12,220),
 (13,221),
 (14,222),
 (15,223),
 (16,224),
 (17,225),
 (18,226),
 (19,227),
 (20,228),
 (21,229),
 (22,230),
 (23,231),
 (24,232),
 (25,233),
 (26,234),
 (27,235),
 (28,236),
 (29,237),
 (30,238),
 (31,239),
 (32,240),
 (33,241),
 (34,242),
 (35,243),
 (36,244),
 (37,245),
 (38,246),
 (39,247),
 (40,248),
 (41,249),
 (42,250),
 (43,251),
 (44,252),
 (45,253),
 (46,254),
 (47,255),
 (48,256),
 (49,257),
 (50,258),
 (51,259),
 (52,260),
 (53,261),
 (54,262),
 (55,263),
 (56,264),
 (57,265),
 (58,266),
 (59,267),
 (60,268);
/*!40000 ALTER TABLE `kontakte` ENABLE KEYS */;


--
-- Definition of table `kunden`
--

DROP TABLE IF EXISTS `kunden`;
CREATE TABLE `kunden` (
  `id` int(11) NOT NULL auto_increment,
  `firma` varchar(35) NOT NULL default '',
  `personID` int(10) unsigned NOT NULL,
  PRIMARY KEY  (`id`),
  KEY `FK_kunden_1` (`personID`),
  CONSTRAINT `FK_kunden_1` FOREIGN KEY (`personID`) REFERENCES `personen` (`id`)
) ENGINE=InnoDB AUTO_INCREMENT=666 DEFAULT CHARSET=utf8;

--
-- Dumping data for table `kunden`
--

/*!40000 ALTER TABLE `kunden` DISABLE KEYS */;
INSERT INTO `kunden` (`id`,`firma`,`personID`) VALUES 
 (101,'The Power Group',85),
 (102,'AMF Corp.',86),
 (103,'Darling Associates',87),
 (104,'P.S.C.',88),
 (105,'Amo & Sons',89),
 (106,'Ralston Inc.',90),
 (107,'The Home Club',91),
 (108,'Raleigh Co.',92),
 (109,'Newton Ent.',93),
 (110,'The Pep Squad',94),
 (111,'Dynamics Inc.',95),
 (112,'McManus Inc.',96),
 (113,'Lakes Inc.',97),
 (114,'Howard Co.',98),
 (115,'Sterling & Co.',99),
 (116,'Sampson & Sons',100),
 (117,'Square Sports',101),
 (118,'Raleigh Active Wear',102),
 (119,'Ocean Sports',103),
 (120,'Carney Co.',104),
 (121,'Carmel Industries',105),
 (122,'Virgina Power',106),
 (123,'North Land Trading',107),
 (124,'The Ristuccia Center',108),
 (125,'Bush Pro Shop',109),
 (126,'Golden Gate Active Wear',110),
 (127,'The Palms',111),
 (128,'BoSox Club',112),
 (129,'Camden Sports Apparel',113),
 (130,'Wyse Corp.',114),
 (131,'The Pro Shopp',115),
 (132,'Bristol Co.',116),
 (133,'Bilhome Industries',117),
 (134,'Bilhome Industries',118),
 (135,'Hermanns',119),
 (136,'Leisure Time',120),
 (137,'Sports Plus',121),
 (138,'Sports Replay',122),
 (139,'Martins Landing',123),
 (140,'Ski,Ski,Ski',124),
 (141,'Mall Side Sports',125),
 (142,'Creative Customs Inc.',126),
 (143,'Doe, Rae, Mee',127),
 (144,'Doe, Rae, Mee',128),
 (145,'Doe, Rae, Mee',129),
 (146,'Custom Designs',130),
 (147,'Norton Co.',131),
 (148,'Cooper Inc.',132),
 (149,'The Ultimate',133),
 (150,'Power Play',134),
 (151,'Power Play',135),
 (152,'Play it again Sports',136),
 (153,'Three Rivers Pro Shop',137),
 (154,'Marlin Mainia',138),
 (155,'Things Remembered',139),
 (156,'Things Remembered',140),
 (157,'Things Remembered',141),
 (158,'Things Remembered',142),
 (159,'Things Remembered',143),
 (160,'Discount Department Store',144),
 (161,'State House Active Wear',145),
 (162,'The Real Deal',146),
 (163,'Mount Eastern Sports',147),
 (164,'Mount Eastern Sports',148),
 (165,'The Road Side Inn',149),
 (166,'The Road Side Inn',150),
 (167,'The Road Side Inn',151),
 (168,'CoMed',152),
 (169,'CoMed',153),
 (170,'Avon Inc.',154),
 (171,'Avon Inc.',155),
 (172,'Avon Inc.',156),
 (173,'Hats Etc.',157),
 (174,'Hats Etc.',158),
 (175,'The Hat Company',159),
 (176,'The Hat Company',160),
 (177,'Avco Ent.',161),
 (178,'Avco Ent.',162),
 (179,'Resco',163),
 (180,'Zoo Gift Shop',164),
 (181,'Zoo Gift Shop',165),
 (182,'Zoo Gift Shop',166),
 (183,'Zoo Gift Shop',167),
 (184,'Westend Dealers',168),
 (185,'The Heartford',169),
 (186,'The Heartford',170),
 (187,'The Heartford',171),
 (188,'Out of Town Sports',172),
 (189,'Out of Town Sports',173),
 (190,'Ocean Sports Wear',174),
 (191,'Ocean Sports Wear',175),
 (192,'Morrell Inc.',176),
 (193,'Big Sky Design',177),
 (194,'Big Sky Design',178),
 (195,'Peachtree Active Wear',179),
 (196,'The Igloo',180),
 (197,'Southern Sports',181),
 (198,'Able Inc.',182),
 (199,'Nobel Co.',183),
 (200,'Nobel Co.',184),
 (201,'Overland Army Navy',185),
 (202,'Overland Army Navy',186),
 (203,'Cognos Sports',187),
 (204,'Cognos Sports',188),
 (205,'East Coast Traders',189),
 (206,'Chadwicks',190),
 (207,'The Country Store',191),
 (208,'Capital Center Sports',192),
 (209,'Capital Center Sports',193),
 (210,'Capital Center Sports',194),
 (220,'Trek Outfitters',195),
 (221,'Turkey Creek Co.',196),
 (222,'data Recovery Services',197),
 (330,'Launch Facilities',198),
 (331,'Mardi Gras Parties',199),
 (332,'Bay Town Bus Co.',200),
 (333,'Bits & Bytes',201),
 (440,'Wind & Rain',202),
 (441,'Blades & things',203),
 (550,'Flat Landers',204),
 (551,'Raceway Engines',205),
 (555,'Quaker Fashions',206),
 (661,'Stutzman Advertising',207),
 (665,'The Apple Farm',208);
/*!40000 ALTER TABLE `kunden` ENABLE KEYS */;


--
-- Definition of table `personen`
--

DROP TABLE IF EXISTS `personen`;
CREATE TABLE `personen` (
  `id` int(10) unsigned NOT NULL auto_increment,
  `vorname` varchar(15) NOT NULL,
  `nachname` varchar(15) NOT NULL,
  `strasse` varchar(30) NOT NULL,
  `hausnummer` varchar(15) NOT NULL,
  `ort` varchar(20) NOT NULL,
  `land` char(2) default NULL,
  `plz` varchar(6) NOT NULL,
  `telefon` varchar(15) default NULL,
  PRIMARY KEY  (`id`)
) ENGINE=InnoDB AUTO_INCREMENT=269 DEFAULT CHARSET=utf8;

--
-- Dumping data for table `personen`
--

/*!40000 ALTER TABLE `personen` DISABLE KEYS */;
INSERT INTO `personen` (`id`,`vorname`,`nachname`,`strasse`,`hausnummer`,`ort`,`land`,`plz`,`telefon`) VALUES 
 (2,'Verkauf','Online','Main Street','10','Darmstadt','CA','90000','61702100'),
 (3,'Fran','Whitney','East Washington Street','49','Needham','MA','02192','6175553985'),
 (4,'Matthew','Cobb','Pleasant Street','77','Waltham','MA','02154','6175553840'),
 (5,'Philip','Chin','Pond Street','59','Atlanta','GA','30339','4045552341'),
 (6,'Julie','Jordan','Great Plain Avenue','144','Winchester','MA','01890','6175557835'),
 (7,'Robert','Breault','Cherry Street','58','Milton','MA','02186','6175553099'),
 (8,'Melissa','Espinoza','Apple Tree Way','112','Stow','MA','01775','5085552319'),
 (9,'Jeannette','Bertrand','Concord Street','209','Acton','MA','01720','5085558138'),
 (10,'Marc','Dill','Hancock Street','89','Milton','MA','02186','6175552144'),
 (11,'Jane','Francis','Hawthorne Drive','12','Concord','MA','01742','5085559022'),
 (12,'Natasha','Shishov','Milk Street','15','Waltham','MA','02154','6175552755'),
 (13,'Kurt','Driscoll','School Street','154','Waltham','MA','02154','6175551234'),
 (14,'Rodrigo','Guevara','East Main Street','23','Framingham','MA','01701','5085550029'),
 (15,'Ram','Gowda','Page Street','79','Natick','MA','01760','5085558722'),
 (16,'Terry','Melkisetian','Oxford Road','87','Watertown','MA','02172','6175555188'),
 (17,'Rollin','Overbey','Companion Ct.','1915','Emeryville','CA','94608','5105557255'),
 (18,'Lynn','Pastor','Cricklewood Drive','14','Burlington','MA','01803','6175552001'),
 (19,'John','Crow','Main Street','531','Watertown','MA','02172','6175553332'),
 (20,'Jo Ann','Davidson','Mount Vernon Road','27','Needham','MA','02192','6175553870'),
 (21,'Bruce','Weaver','Westmoreland Street','19','Lexington','MA','02173','6175554444'),
 (22,'Kim','Lull','Lincoln Street','199','Concord','MA','01742','5085554444'),
 (23,'Andrew','Rabkin','Birds Hill Way','44','Burlington','MA','01803','6175554444'),
 (24,'James','Klobucher','Corning Street','18','Houston','TX','77079','7135558627'),
 (25,'Linda','Siperstein','Hillside Avenue','341','Newton','MA','02164','6175556588'),
 (26,'David','Scott','Riverdale Drive','21','Belmont','MA','02178','6175553246'),
 (27,'Dorothy','Sullivan','Minuteman Drive','124','Lexington','MA','02173','6175553947'),
 (28,'Peter','Samuels','Woodlawn Street','54','Newton','MA','02164','6175558342'),
 (29,'James','Coleman','Heather Hill Drive','57','Acton','MA','01720','5085554735'),
 (30,'Irene','Barletta','Gleason Street','37','Bedford','MA','01730','6175558345'),
 (31,'Albert','Wang','Edwin Street','48','Waltham','MA','02154','6175558741'),
 (32,'Thomas','Powell','Kennedy Court','48','Newton','MA','02162','6175551956'),
 (33,'Mary','Garcia','Purvis Street','98','Houston','TX','77079','7135553431'),
 (34,'Kathleen','Poitras','The Fenway','50','Boston','MA','02118','6175553920'),
 (35,'Jose','Martinez','Washington Street','495','Westwood','MA','02090','6175557114'),
 (36,'Jane','Braun','Wood Street','45','Cambridge','MA','02140','6175557857'),
 (37,'Denis','Higgins','Massachusetts Avenue','1033','Lexington','MA','02173','6175553985'),
 (38,'Dean','Marshall','Mount Pleasant Street','44','Belmont','MA','02178','6175553707'),
 (39,'Samuel','Singer','Orchard Road','187','Stow','MA','01775','5085553255'),
 (40,'John','Sheffield','Belleview Drive','45','Houston','TX','77079','7135553877'),
 (41,'Felicia','Kuo','Oak Street','79','Cambridge','MA','02140','6175552385'),
 (42,'Kristen','Coe','Rainbow Road','30','West Roxbury','MA','02132','6175559192'),
 (43,'Doug','Charlton','Webster Street','57','Concord','MA','01742','5085559246'),
 (44,'Moira','Kelly','Fountain Road','12','Gloucester','MA','01930','5085553769'),
 (45,'Ken','Martel','Lincoln Street','23','Needham','MA','02192','6175558474'),
 (46,'Charles','Crowley','Beacon Street','421','Belmont','MA','02178','6175559425'),
 (47,'Ann','Taylor','Westminster Street','25','Atlanta','GA','30339','4045551515'),
 (48,'Pamela','Savarino','Beach Street','112','Long Beach','CA','90806','3105551857'),
 (49,'Thomas','Sisson','School Street','54','Houston','TX','77079','7135558390'),
 (50,'Joyce','Butterfield','Adams Street','119','Cambridge','MA','02140','6175552232'),
 (51,'Joseph','Barker','West Drive','58','Bedford','MA','01730','6175558021'),
 (52,'Paul','Sterling','Endicott Street','112','Concord','MA','01742','5085550295'),
 (53,'Shih Lin','Chao','Holyoke Street','59','Lexington','MA','02173','6175555921'),
 (54,'Barbara','Blaikie','Beaumont Terrace','66','Needham','MA','02192','6175559345'),
 (55,'Susan','Smith','Johnson Street','177','Houston','TX','77079','7135556613'),
 (56,'Mark','Preston','Constitution Road','49','Boston','MA','02124','6175555862'),
 (57,'Alison','Clark','Carver Street','56','Emeryville','CA','94608','5105559437'),
 (58,'Hing','Soo','Glenmeadow Street','19','Needham','MA','02192','6175558748'),
 (59,'Kevin','Goggin','Wachusett Road','12','Wellesley','MA','02181','6175553785'),
 (60,'Matthew','Bucceri','Taylor Place','57','Lexington','MA','02173','6175555336'),
 (61,'Emilio','Diaz','Evergreen Street','112','Wellesley','MA','02181','6175553567'),
 (62,'Mary Anne','Shea','Camden Road','197','Lexington','MA','02173','6175554616'),
 (63,'Janet','Bigelow','Lunda Street','84','Waltham','MA','02154','6175551493'),
 (64,'Jennifer','Litton','Downing Street','17','Concord','MA','01742','5085553495'),
 (65,'Caroline','Yeung','Cypress Street','52','Atlanta','GA','30339','4045558347'),
 (66,'John','Letiecq','Vista Drive','149','Burlington','MA','01803','6175551167'),
 (67,'Ruth','Wetherby','Aberdeen Road','82','Needham','MA','02192','6175555465'),
 (68,'Anthony','Rebeiro','Moody Street','39','Waltham','MA','02154','6175555737'),
 (69,'Scott','Evans','Sunrise Circle','10-A','Concord','MA','01742','5085550096'),
 (70,'Catherine','Pickett','Appleton Road','45','Bedford','MA','01730','6175553478'),
 (71,'Mark','Morris','Example Way','1','Waltham','MA','02154','6175558344'),
 (72,'Sheila','Romero','Oakview Terrace','1','Bedford','MA','01730','6175558138'),
 (73,'Elizabeth','Lambert','Union Street','29','Burlington','MA','01803','6175552357'),
 (74,'Michael','Lynch','Brookside Road','76','Waltham','MA','02154','6175558348'),
 (75,'Janet','Hildebrand','Hilltop Street','47','Waltham','MA','02154','6175553845'),
 (76,'Robert','Nielsen','Sargent Avenue','55','Bedford','MA','01730','6175558757'),
 (77,'Alex','Ahmed','Cushing Street','114','Needham','MA','02192','6175558748'),
 (85,'Michaels','Devlin','Pioneer Avenue','3114','Rutherford','NJ','07070','2015558966'),
 (86,'Beth','Reiser','Whippany Road','1033','New York','NY','10154','2125558725'),
 (87,'Erin','Niedringhaus','Windsor Street','1990','Paoli','PA','19301','2155556513'),
 (88,'Meghan','Mason','Dundas Street East','550','Knoxville','TN','37919','6155555463'),
 (89,'Laura','McCarthy','Highway 36','1210','Carmel','IN','46032','3175558437'),
 (90,'Paul','Phillips','Cherry Creek N. Dr.','2000','Middletown','CT','64579','2035553464'),
 (91,'Kelly','Colburn','Vallco Parkway','18131','Raleigh','NC','27695','9195555152'),
 (92,'Matthew','Goforth','Wayzata Blvd.','11801','Chattanooga','TN','37421','6155558926'),
 (93,'Jessie','Gagliardo','Park Avenue','2800','Hull','PQ','28559','8195559539'),
 (94,'Michael','Agliori','North Glebe Road','13705','Columbus','OH','43216','6145552496'),
 (95,'Dylan','Ricci','Prosperity Avenue','14700','Syracuse','NY','13202','3155554486'),
 (96,'Shawn','McDonough','S Main Street','15175','Brooklyn Park','MN','55428','6125555603'),
 (97,'Samuel','Kaiser','Bristol Street','404','Minneapolis','MN','55041','6125553409'),
 (98,'Shane','Chopp','Summer Street','9925','St Paul','MN','55104','6125556453'),
 (99,'Shannon','Phillips','Cory Road','20555','St Paul','MN','55114','6125556425'),
 (100,'Brian','Gugliuzza','Wyman Street','39111','Mamaroneck','NY','10543','9145553817'),
 (101,'Meredith','Morgan','Galveston Drive','9191','Westerville','OH','43081','6145558989'),
 (102,'Kristina','Sanford','21th Street','45','Raleigh','NC','27695','9195555152'),
 (103,'Tomm','Smith','Post Oak Blvd.','3','South Laguna','CA','92677','7145554996'),
 (104,'Gertrude','Stein','Amon Carter Blvd.','4','Elmsford','NY','10523','9145553476'),
 (105,'Pete','Elkins','Lawerence Street','23','Carmel','IN','46032','3175558437'),
 (106,'Al','Dente','N.E. 38th Place','25','McLean','VA','22102','7035557491'),
 (107,'Amanda','Lin','North Pine Grove','25','Winnipeg','MB','46110','2045555559'),
 (108,'Fanny','Farmer','Barnard Lane','110','Wilmington','MA','01887','6175559386'),
 (109,'Sidney','Smelledge','Merritt Drive','125','St. Louis','MO','63101','3145553426'),
 (110,'Sam','Ovar','Lindenwood Drive','5','San Francisco','CA','94105','4155555972'),
 (111,'Mary','Lamm','McKinney','10','Sarasota','FL','34243','8135557566'),
 (112,'Hardy','Mums','5th Avenue S.W.','11','Boston','MA','02106','6175554340'),
 (113,'Heinz','Fahrvergnugen','Armagh Street','11','Baltimore','MD','21202','3015553322'),
 (114,'Sal','Monella','Eastlake Avenue','20','New Berlin','WI','53141','4145556799'),
 (115,'Daljit','Sinnot','Presidents Landing','145','Bohemia','NY','11676','5165559811'),
 (116,'Marilyn','King','South Ulster','167','Fort Wayne','IN','46801','2195554551'),
 (117,'Moe','Bilhome','W. Colfax Avenue','180','Burbank','CA','91505','8185558455'),
 (118,'Sarah','Bilhome','W. Colfax Avenue','180','Burbank','CA','91505','8185558455'),
 (119,'Belinda','Clarke','Constitution Avenue','204','New York','NY','10001','2125555026'),
 (120,'Tommie','Wooten','Hing Wai Building','1322','Plymouth','MN','55447','6125553373'),
 (121,'Polly','Morfek','Hopyard Road','879','Ft. Wayne','IN','46808','2195554297'),
 (122,'Regus','Patoff','James Way','22','Burlington','ON','56330','9065554252'),
 (123,'Jai','Dimitros','Marineship Way','236','Boston','MA','02201','6175556354'),
 (124,'Thomas','Thumb','North Vine Street','250','Salt Lake City','UT','84180','8015553550'),
 (125,'Peter','Pyper','Beta Mall','408','Fort Wayne','IN','46801','2195554552'),
 (126,'Alfredo','Margolis','Bloor Street East','400','Kansas City','MO','64114','8165558543'),
 (127,'Mark','Doe','Wellworth Ave','357','Fairfax','VA','22030','7035552184'),
 (128,'Bill','Doe','Wellworth Ave','357','Fairfax','VA','22030','7035552184'),
 (129,'John','Doe','Wellworth Ave','357','Fairfax','VA','22030','7035552184'),
 (130,'Alberto','Yost','White Horse Road','375','Spokane','WA','99216','5095559276'),
 (131,'Manoj','Lela','Third Avenue North','501','Wood Bridge','NJ','07095','9085556021'),
 (132,'Beth','Crooker','College Road','501','Winnipeg','MB','45110','2045555554'),
 (133,'Hans','Uhnfitte','West Wacker Dr','3700','Winnipeg','MB','45110','2045554744'),
 (134,'Carl','Mason','Powell Street','1000','Don Mills','ON','39330','4165555108'),
 (135,'Susan','Mason','Powell Street','1000','Don Mills','ON','39330','4165555108'),
 (136,'Davey','Jones','Inelt Business Ctr.','1218','Austin','NY','11746','5165555952'),
 (137,'Paul','Jones','Innovation Drive','1221','Cincinnati','OH','45202','5135557622'),
 (138,'Marvin','Smythe','North 27th Ave','1291','North Miami','FL','33181','3055559457'),
 (139,'Milo','Phipps','Osterbrogade','1380','Lakewood','OH','44107','2165552264'),
 (140,'Charly','Maeier','Osterbrogade','1380','Lakewood','OH','44107','2165532568'),
 (141,'Bob','Bush','Osterbrogade','1380','Lakewood','OH','44107','2165514582'),
 (142,'Hans','Schuhmeier','Osterbrogade','1380','Lakewood','OH','44107','2165569721'),
 (143,'Mark','Phipps','Osterbrogade','1380','Lakewood','OH','44107','2165525678'),
 (144,'Clara','Nette','Wilshire Blvd','3773','Port Washington','NY','11050','5165556250'),
 (145,'Gene','Poole','Vreeland Road','3860','Washington','DC','20581','2025556537'),
 (146,'Melba','Toste','51st Ave North','3930','Powell','OH','43065','6145558983'),
 (147,'R.I.','Peese','Buckingham','4199','Mississauga','ON','45100','4165556026'),
 (148,'Ricky.','Peese','Buckingham','4199','Mississauga','ON','45100','4165557419'),
 (149,'Mark','Cara','State Highway 249','1700','Lakewood','OH','44107','2165552264'),
 (150,'Nicklas','Cara','State Highway 249','1700','Lakewood','OH','44107','2165552147'),
 (151,'Charles','Cara','State Highway 249','1700','Lakewood','OH','44107','2165585412'),
 (152,'Carl','Terlemezian','First Street','240','Matthews','NC','28105','7045558413'),
 (153,'Laura','Terlemezian','First Street','240','Matthews','NC','28105','7045558411'),
 (154,'Kurt','Perez','Market Street','395','Landover','MA','20785','3015557728'),
 (155,'Bob','Perez','Market Street','395','Landover','MA','20785','3015557729'),
 (156,'Grace','Perez','Market Street','395','Landover','MA','20785','3015557730'),
 (157,'Donny','Zoblotny','N.E. Airport Way','12600','Denver','CO','80225','3035552758'),
 (158,'Anabai','Zoblotny','N.E. Airport Way','12600','Denver','CO','80225','3035552757'),
 (159,'Tawfik','Perkins','N.W. 7th Avenue','1270','Victoria','BC','40330','6045553801'),
 (160,'Zoro','Perkins','N.W. 7th Avenue','1270','Victoria','BC','40330','6045553802'),
 (161,'Joseph','Zubenko','Stonehollow Drive','314','Raleigh','NC','27695','9195555152'),
 (162,'Hans','Zubenko','Stonehollow Drive','314','Raleigh','NC','27695','9195555153'),
 (163,'Marsha','Nguyen','Dunlaney Gate Circle','44','Miramar','FL','33027','3055554336'),
 (164,'Marilyn','Nakagama','Central Avenue','105','Winter Park','FL','32792','4075556777'),
 (165,'Marco','Nakagama','Central Avenue','105','Winter Park','FL','32792','4075556778'),
 (166,'Nils','Nakagama','Central Avenue','105','Winter Park','FL','32792','4075556779'),
 (167,'Josef','Nakagama','Central Avenue','105','Winter Park','FL','32792','4075556776'),
 (168,'Anoush','Serafina','Greenway Place','4643','Overland Park','KS','66210','9135554519'),
 (169,'Serop','Belmont','Hadley Lane','4867','Hartford','CT','6115','2035555474'),
 (170,'Marianne','Belmont','Hadley Lane','4867','Hartford','CT','6115','2035555474'),
 (171,'Norman','Belmont','Hadley Lane','4867','Hartford','CT','6115','2035555479'),
 (172,'Sarah','Berejiklian','Municiple Drive','1535','Cambridge','MA','02142','6175553548'),
 (173,'Herbert','Berejiklian','Municiple Drive','1535','Cambridge','MA','02142','6175553547'),
 (174,'Mathilda','Richards','Northridge Road','10707','Miami','FL','33172','3055554712'),
 (175,'Marta','Richards','Northridge Road','10707','Miami','FL','33172','3055554711'),
 (176,'Rosanna','Beldov','Northside Parkway','1889','Sioux City','IA','51102','7125552741'),
 (177,'Alfred','Newman','Northeast 99th Way','2721','Kansas City','MO','64114','8165558543'),
 (178,'Robert','Newman','Northeast 99th Way','2721','Kansas City','MO','64114','8165558544'),
 (179,'Li-Hui','Jyh-Hwa','Potrero Avenue','301','Atlanta','GA','30303','4045556762'),
 (180,'Ling Ling','Andrews','Roe Avenue','303','Edmonton','AB','56110','4035554884'),
 (181,'Maio','Chermak','Sycamore Road','330','Atlanta','GA','30346','4045558046'),
 (182,'Sheng','Chen','W. Six Mile Road','1801','San Ramon','CA','94583','5105558666'),
 (183,'Ella','Mentary','Embarcadero Center','452','Rochester','NY','14644','7165554236'),
 (184,'Bob','Mentary','Embarcadero Center','452','Rochester','NY','14644','7165554237'),
 (185,'Amit','Singh','Yonge Street','1986','Overland Park','KS','66210','9135554519'),
 (186,'Melanie','Singh','Yonge Street','1986','Overland Park','KS','66210','9135554519'),
 (187,'Mathew','Spaid','Town Center','333','Jackson','MI','49202','5175557883'),
 (188,'Robert','Spaid','Town Center','333','Jackson','MI','49202','5175557883'),
 (189,'Elmo','Smythe','Plaza Street','2815','East Douglas','MA','01516','5085554761'),
 (190,'John Paul','Jones','Post Oak Blvd.','2999','Reston','VA','22091','7035556209'),
 (191,'Wen-Chu','Donchek','N. Mission','2406','Lisle','IL','60532','7085555055'),
 (192,'Derek','Suess','King George Drive','234','Albany','NY','12208','5185552623'),
 (193,'Norman','Suess','King George Drive','234','Albany','NY','12208','5185552623'),
 (194,'Marion','Suess','King George Drive','234','Albany','NY','12208','5185552623'),
 (195,'Lewis N.','Clark','Expedition Hwy','245','Laramie','WY','85293','3075556589'),
 (196,'Jack','Johnson','Shoebox Lane','45','Santa Fe','NM','40420','5055554568'),
 (197,'Jane','Doe','Disk Drive','57','San Jose','CA','94020','4085558796'),
 (198,'John','Glenn','Rocket Pad','90','Orlando','FL','32200','4075558574'),
 (199,'Dominic','Johansen','West Street','33','New Orleans','LA','33552','5045558487'),
 (200,'Stanley','Jue','Bronco Circle','67','Houston','TX','77057','7135558857'),
 (201,'Harry','Jones','Software Rd','25','San Jose','CA','94020','4085556689'),
 (202,'Marie','Curie','Helping Hand Hwy','210','LeCroix','MA','02140','6175558875'),
 (203,'Elizibeth','Bordon','Grinding Stone Rd','87','New Bedford','MA','01801','5085558879'),
 (204,'Tony','Antolini','Sliver Road','6678','Fargo','ND','60500','7015553259'),
 (205,'Tom','Cruz','Far Away Lane','789','Eugene','OR','98524','5035557462'),
 (206,'Philipe','Fernandez','Main Street','99','Los Angeles','CA','90205','2135554457'),
 (207,'Jennifer','Stutzman','Back Pages Lane','3','Missola','IL','60505','7085556857'),
 (208,'William','Thompson','Washington Street','91','Manchester','NY','11700','5165552549'),
 (209,'Jane','Hildebrand','Washington St.','1280','Emeryville','MI','94608','5105551309'),
 (210,'Larry','Simmon','Granville St.','34','Houston','TX','77079','7135558960'),
 (211,'Susan','Critch','Center St.','45','Danvers','MA','01923','5085554829'),
 (212,'Terry','Lambert','Page St.','204','Canton','MA','94608','6175552246'),
 (213,'Dorothy','Sullivan','Minuteman Dr.','54','Lincoln','MA','01742','5085553925'),
 (214,'Rose','Paull','Bay St.','78','Marblehead','MA','01945','6175556392'),
 (215,'Beth','Glassmann','Oak St.','44','Lexington','MA','02173','6175550273'),
 (216,'Gene','Powell','West Main St.','552','Lexington','MA','02173','6175553528'),
 (217,'Jeffrey','Fish','Red Acre Rd.','68','Lexington','MA','02173','6175553528'),
 (218,'Molly','Clarke','Pine Grove Rd.','55','Lexington','MA','02173','6175554325'),
 (219,'William','Kelley','Rainbow Rd.','16','Burlington','MA','01803','6175558474'),
 (220,'Thomas','Lyman','Story Rd.','64','Emeryville','CA','94608','5105555378'),
 (221,'Joann','Davidson','Story Rd.','64','Emeryville','CA','94608','5105557363'),
 (222,'Mark','Pettengill','Briarwood Ter.','26','Emeryville','CA','94608','5105553533'),
 (223,'Dawn','Moore','One Park Drive','33','Atlanta','GA','30339','4045554834'),
 (224,'John','Lencki','Brook Road','208','Burlington','MA','01803','6175555348'),
 (225,'Burt','Kaplan','Keaton Lane','49','Arlington','MA','02174','6175553887'),
 (226,'William','Hayne','Cornfield Ave.','88','Acton','MA','01720','5085557780'),
 (227,'David','Chin','Waverly Rd.','16','Burlington','MA','01803','6175553378'),
 (228,'Pauline','White','Prince St.','57','Houston','TX','77079','7135553345'),
 (229,'Paul','Cobb','Greenville St.','34','Atlanta','GA','30339','4045552239'),
 (230,'Kevin','Goggin','East Main St.','88','Houston','TX','77079','7135553340'),
 (231,'Paul','Cohen','Park Street','108','Burlington','MA','01803','6175558883'),
 (232,'Peter','Quinn','Shaw Rd.','88','Needham','MA','02192','6175552222'),
 (233,'Michael','Brier','Blackstone St.','55','Arlington','MA','02174','6175552398'),
 (234,'Joan','Mulley','Westborn Ter.','109','Burlington','MA','01803','6175553998'),
 (235,'Carrie','Evans','Washington St.','89','Atlanta','GA','30339','4045551169'),
 (236,'Mary','Philley','Franklin Pl.','92','Houston','TX','77079','7135553338'),
 (237,'Joseph','Sinibaldi','Center St.','1112','Arlington','MA','02174','6175556699'),
 (238,'Michael','DeMarco','Clare Ave.','23','Bedford','MA','01730','6175554400'),
 (239,'Henry','Miller','Porter St.','445','Burlington','MA','01803','6175553356'),
 (240,'Scott','Reeves','Linden St.','89','Iselin','NJ','08830','6035550988'),
 (241,'Lynn','Page','Central Ave.','56','Needham','MA','02192','6175558890'),
 (242,'Charles','Crowley','Edson St.','69','Burlington','MA','01803','6175551344'),
 (243,'Dana','Burrill','Beacon St.','234','Needham','MA','02192','6175557956'),
 (244,'William','Caruso','Edison St.','99','Bedford','MA','01730','6175552144'),
 (245,'Beth','Purcell','Cherry Hill St.','134','Arlington','MA','02174','6175552349'),
 (246,'Joe','Weaver','Main St.','88','Houston','TX','77079','7135551956'),
 (247,'Michael','Dewey','Pleasant St.','106','Needham','MA','02192','6175559877'),
 (248,'Susan','Jordan','Gordon St.','95','Burlington','MA','01803','6175551123'),
 (249,'John','Romeo','Long Way','230','Long Beach','CA','90806','3105554533'),
 (250,'Paul','Haddad','Pleasant St.','889','Schaumburg','IL','60173','7065558337'),
 (251,'Amy','Schott','Remington St.','999','Houston','TX','77079','7135558912'),
 (252,'Russell','Short','Newton St.','12','Needham','MA','02192','6175550993'),
 (253,'Liz','Galvin','Lexington St.','165','Arlington','MA','02174','6175559312'),
 (254,'Ellen','Crossland','Rush Rd.','27','Burlington','MA','01803','6175550004'),
 (255,'Coleman','Bertrand','Dunster Pl.','78','Schaumburg','IL','60173','7065552886'),
 (256,'Doug','Rayner','Chapin St.','34','Houston','TX','77079','7135558444'),
 (257,'John','Lull',' Lawn Rd.','93','Bedford','MA','01730','6175551745'),
 (258,'Irina','Shishov','Park Drive','567','Atlanta','GA','30339','4045551233'),
 (259,'Ken','Trayers','Heather Drive','234','Arlington','MA','02174','6175552384'),
 (260,'Peter','Long','Grayson Rd.','78','Burlington','MA','01803','6175554519'),
 (261,'Debbie','Tippet','Aberdeen Rd.','85','Schaumburg','IL','60173','7065558227'),
 (262,'Jack','Hodson','Lincoln St.','69','Acton','MA','01720','5085552998'),
 (263,'Kim','Kosko','Pleasant St.','334','Houston','TX','77079','7135554657'),
 (264,'Jim','McEvoy','Hawthorne Rd.','23','Schaumburg','IL','60173','7065558532'),
 (265,'Sandra','Goodall','Summer St.','56','Burlington','MA','01803','6175553647'),
 (266,'John','Elkins','Goddard Highway','899','Iselin','NJ','08830','6035551200'),
 (267,'Kurt','Masalsky','Garden St.','29','Atlanta','GA','30339','4045555111'),
 (268,'MaryBeth','Collins','Lincoln Street','56','Burlington','MA','01803','6175551199');
/*!40000 ALTER TABLE `personen` ENABLE KEYS */;




/*!40101 SET SQL_MODE=@OLD_SQL_MODE */;
/*!40014 SET FOREIGN_KEY_CHECKS=@OLD_FOREIGN_KEY_CHECKS */;
/*!40014 SET UNIQUE_CHECKS=@OLD_UNIQUE_CHECKS */;
/*!40101 SET CHARACTER_SET_CLIENT=@OLD_CHARACTER_SET_CLIENT */;
/*!40101 SET CHARACTER_SET_RESULTS=@OLD_CHARACTER_SET_RESULTS */;
/*!40101 SET COLLATION_CONNECTION=@OLD_COLLATION_CONNECTION */;
/*!40101 SET CHARACTER_SET_CLIENT=@OLD_CHARACTER_SET_CLIENT */;
